idemp,nome,status,ano,setor,endiv1,tang1,risco,lntam,z1,mb,roa,lucrat2,higrow
184,Light S.A.,ativo,2007,Energia Elétrica,0,0,0.027042995,8.853665428,,2.028932216,-0.001873276,-768.8571429,1
439,Cobrasma SA,ativo,2007,Veiculos e peças,0.979156474,0.90151094,0.631565824,10.6454249,-23.79540898,62.17625954,-0.513062813,-241.7380952,1
105,Const Lix da Cunha SA,ativo,2007,Construção,0.104942917,0.006613487,0.006767474,11.87756858,4.797721928,0.175753806,-0.012658228,-24.11111111,0
411,Vulcabras S/A.,ativo,2007,Textil,0,0.018984032,0.324144983,11.8913619,,5.025539959,-0.003366448,-5.732876712,1
262,M&g Poliester S/A,ativo,2007,Química,0,0.005003175,0.00054745,12.18075484,,3.600921661,-0.001368581,-3.128205128,1
2,Brasilagro Cia Bras Propriedades Agricol,ativo,2007,Agro e Pesca,0.001678042,0.054354893,,12.20607265,357.7831209,0.980573056,-0.025375335,-75.72,0
400,Marisol S.A.,ativo,2007,Textil,0.023061239,0.002822984,0.047401133,12.64432758,25.44649643,1.126016154,-8.25233E-05,-0.077419355,0
406,Tecblu - Tecelagem Blumenau S/A.,ativo,2007,Textil,0.315817399,0.876746352,0.033722554,13.23211424,0.779787401,0.683215997,-0.088876972,-5.643369176,0
418,Cia Docas de Imbituba,ativo,2007,Transporte Serviç,0.319365552,0.073175679,0.068544339,13.65416741,0.797204452,1.155394419,0.001197622,0.291421857,0
57,Battistella Adm e Partic SA - Apaba,ativo,2007,Comércio,0,0.00443011,,14.00199012,,2.031277502,-0.029257187,-4.73526971,1
107,Mendes Jr,ativo,2007,Construção,0.667132951,0.000470719,0.008730493,14.33430435,0.072986645,0.349124947,0.007461722,23.29642857,0
151,Centrais Eletricas de Santa Catarina S.A.,ativo,2007,Energia Elétrica,0,0,0.066894768,14.69555216,,0.92576534,-0.026017159,-19.10783907,0
113,Sergen Servs Gerais de Eng SA,ativo,2007,Construção,0.064624424,0.06287087,0.118432568,14.8467722,9.35301445,0.320071243,-0.015617614,-0.893996367,0
104,Klabin Segall S/A,ativo,2007,Construção,0.229599148,0.001811484,,15.13432875,2.03358734,1.511259066,-0.030112056,-5.717304092,1
454,Recrusul SA,ativo,2007,Veiculos e peças,0.016438699,0.013024703,0.082909978,15.53899119,34.91431229,0.382742617,-0.090360327,-0.694503926,0
452,Bicicletas Caloi SA,ativo,2007,Veiculos e peças,0.773103,0.115177196,1.382264019,15.58041257,-62.15372188,62.69533783,0.397534669,0.176682075,1
83,Agra Empreendimentos Imobiliarios S.A.,ativo,2007,Construção,0.064545769,0.009573147,,15.59822928,8.802669628,1.7720654,-0.071604324,-13.69895728,1
230,Companhia,ativo,2007,Papel e Celulose,0.014474523,0.83922861,0.007563434,15.8670669,40.60710498,0.776329277,-0.007394115,-0.553984576,0
304,Gazola SA Industria Metalurgica,ativo,2007,Siderur & Metalur,0.379385449,0.548214221,0.752746397,16.09915032,0.128373356,0.39600959,0.037578765,0.090846517,0
308,Hercules S/A - Fabrica de Talheres,ativo,2007,Siderur & Metalur,0.055660216,0,0.133075841,16.12982657,10.73117566,0.290408795,0.212752498,0.963925677,0
99,Helbor Empreendimentos S/A,ativo,2007,Construção,0.218723923,0.001518356,,16.28394902,2.571131656,1.321475268,-0.046349191,-2.296424941,0
82,Abyara Planejamento Imobiliario S.A.,ativo,2007,Construção,0.204476242,0.021617149,,16.4694565,2.226057893,2.614362542,-0.009633321,-0.36052076,1
407,Fiacao e Tecelagem Sao Jose SA,ativo,2007,Textil,0.584960808,0.549564374,0.067228428,16.50124698,-1.333073456,0.635149674,-0.091513195,-0.29572568,0
135,Semp Toshiba SA,cancelado,2007,Eletroeletrônicos,0,0.016301333,0.061883911,16.52402732,,1.380895097,-0.161918414,-1.497834344,0
316,Industrias Micheletto S/A,cancelado,2007,Siderur & Metalur,0.23608705,0.181468419,0.121359088,16.58816178,-1.759382116,0.26047201,-0.212728439,-0.414661584,0
93,Cyrela Brazil Realty SA Emprs e Parts,ativo,2007,Construção,0.07081409,0.002615184,0.026655795,16.7413567,8.038285793,3.048828137,0.00671653,1.094101877,1
111,Rodobens Negocios Imobiliarios SA,ativo,2007,Construção,0.001294847,0.007975119,,16.83598422,463.6003026,1.650030316,-0.052823131,-1.606360665,1
16,Cafe Soluvel Brasilia SA,ativo,2007,Alimentos e Beb,0.79352641,0.427965379,0.14594141,16.89471044,-6.368667553,0.600187687,-0.367012069,-0.692378455,0
103,Joao Fortes Engenharia SA,ativo,2007,Construção,0.033456187,0.001672169,0.026914078,16.97510336,17.26251103,3.014419029,-0.027075819,-0.293451042,1
182,Inepar Energia S/A,ativo,2007,Energia Elétrica,0.470506016,0.034570052,0.007838775,16.97637584,0.284638127,0.97917607,0.015857774,0.385019711,0
307,Haga SA Industria e Comercio,ativo,2007,Siderur & Metalur,0.940268336,0.309915187,0.083699068,17.02610483,0.037169904,3.92145826,0.213085165,0.157183549,1
415,All - America Latina Logistica S.A.,ativo,2007,Transporte Serviç,0.083757019,0.000956064,0.037760378,17.09423894,6.801901986,3.968713281,0.032387056,4.89586316,1
175,Energisa S/A,ativo,2007,Energia Elétrica,0.208713539,0.005935239,0.000549471,17.19415554,2.791016659,1.98203319,-0.001088713,-0.048617504,1
404,Cia Indl Schlosser SA,ativo,2007,Textil,0.876047065,0.774441123,0.035978038,17.27667352,-2.047787902,1.279523448,-0.135937709,-0.19127896,0
148,Cia Energ de Brasilia,ativo,2007,Energia Elétrica,0.043773426,0.000479619,0.192182508,17.27761487,14.46757333,1.354130588,0.226683014,2.371753858,0
5,Renar Macas S/A,ativo,2007,Agro e Pesca,0.22098972,0.758622119,0.088252098,17.28813803,2.141830323,1.322218059,-0.057657036,-0.162606887,0
376,Botucatu Textil S/A,ativo,2007,Textil,0.581459937,0.579029711,0.082618956,17.29314415,0.024467539,0.4615121,-0.085517439,-0.183985424,0
422,Log-In Logistica Intermodal S.A.,ativo,2007,Transporte Serviç,0,0.043298245,,17.37085862,,1.708989149,0.02256395,0.477085714,1
158,Cia Energ Minas Gerais - Cemig,ativo,2007,Energia Elétrica,0.004909494,0.000200193,0.051725064,17.41400021,121.9058347,1.628649335,-0.00378291,-1.026954547,1
143,Afluente Geracao e Transm de Energ Elet,ativo,2007,Energia Elétrica,0,0.709798715,,17.50526463,,3.129785113,0.254192719,0.741276383,1
218,Ceramica Chiarelli SA,ativo,2007,Minerais não Met,0.173042824,0.703338392,0.107587902,17.50743537,0.756428896,0.543691673,-0.029969651,-0.031503913,0
23,Excelsior Alimentos SA,ativo,2007,Alimentos e Beb,0.230172465,0.492688104,0.058919258,17.53314752,3.413486804,0.658738895,0.002358676,0.001457478,0
438,Bicicletas Monark SA,ativo,2007,Veiculos e peças,0,0.119332196,0.013770978,17.6261208,,1.321717361,0.009749811,0.040860596,0
115,Const Sultepa SA,ativo,2007,Construção,0.535228247,0.180163731,0.004876518,17.70896218,0.277685,0.274245946,-0.004033246,-0.04995925,0
4,Rasip Agro Pastoril s a,ativo,2007,Agro e Pesca,0.17396032,0.439935442,0.036673218,17.81742911,4.132371229,1.787232067,0.08198008,0.135568433,1
95,Even Construtora e Incorporadora S.A.,ativo,2007,Construção,0.060929721,0.008473578,,17.82920528,9.412671258,2.950666962,-0.040750154,-0.631208108,1
309,Kepler Weber SA,ativo,2007,Siderur & Metalur,0.207815953,0.045757511,0.035292036,17.92464521,2.706321353,1.746074024,-0.008191453,-0.04248366,1
310,Lupatech S.A.,ativo,2007,Siderur & Metalur,0.008212799,0.106847575,0.118643499,17.94678154,71.86882697,6.85160762,-0.077882483,-0.523973208,1
101,Inpar S.A.,ativo,2007,Construção,0.009810205,0.009321744,,17.96470624,60.69036263,2.169082784,-0.0183838,-0.246832747,1
390,Fab Tecidos Carlos Renaux SA,ativo,2007,Textil,0.668561345,0.617421193,0.062362126,17.99734694,-0.141750574,0.367290828,-0.079852295,-0.157514583,0
417,Companhia de Concessoes Rodoviarias,ativo,2007,Transporte Serviç,0.01382178,0.000768859,0.007290501,18.0161502,43.5293389,6.173201599,-0.031389201,-0.856539136,1
314,Metalgrafica Iguacu S.A.,ativo,2007,Siderur & Metalur,0.04267479,0.278512542,0.085246355,18.05995475,14.65950357,5.112564877,-0.016082089,-0.01704032,1
409,Textil Renauxview S/A,ativo,2007,Textil,0.905589216,0.496081947,0.152606444,18.08772233,-1.133259677,1.502307107,-0.046500774,-0.05281808,1
106,Lps Brasil - Consultoria de Imoveis S/A,ativo,2007,Construção,0.026840795,0.0264443,,18.15934195,22.05263309,5.370521559,0.103712695,0.433845874,1
100,Iguatemi Empresa de Shopping Centers S.A.,ativo,2007,Construção,0.130251386,0.300273817,,18.31096632,4.577138158,1.539203749,0.023009447,0.339095403,1
173,Emae-Emp.Metropolitana Aguas Energia S.A.,ativo,2007,Energia Elétrica,0.051553128,0.832609649,0.041659641,18.37973374,10.7010036,0.525896706,-0.076214919,-0.725778222,0
313,Metalurgica Duque SA,ativo,2007,Siderur & Metalur,0.198796343,0.596765345,0.03527577,18.41302149,3.714677374,1.093874623,0.057339692,0.054767879,0
459,Tupy SA,ativo,2007,Veiculos e peças,0.201794007,0.460136846,0.005267271,18.42901591,2.651461651,0.663707751,-0.003236323,-0.055049238,0
455,Metalurgica Riosulense SA,ativo,2007,Veiculos e peças,0.327874483,0.516839167,0.019649686,18.48854498,3.039437116,1.442367368,0.18006745,0.144680533,1
302,Fibam Cia Industrial,ativo,2007,Siderur & Metalur,0.145359455,0.178638322,0.045141257,18.53042265,6.330017677,1.43835752,0.215611628,0.126873897,1
333,Tekno S.A. Industria e Comercio,ativo,2007,Siderur & Metalur,0,0.071712633,0.030771141,18.65206227,,1.254282986,0.123265742,0.174119682,0
6,Slc Agricola S.A.,ativo,2007,Agro e Pesca,0.051351331,0.132536283,,18.70418159,11.70485034,2.398373032,-0.02334761,-0.114131212,1
378,Buettner S/A - Industria e Comercio,ativo,2007,Textil,0.240242069,0.172521732,0.060273064,18.70777514,2.256161904,1.047671266,0.026131802,0.029507336,0
379,Cambuci SA,ativo,2007,Textil,0.686372309,0.28089722,0.054944845,18.75510803,1.128607283,1.085780567,-0.025790033,-0.02379146,0
89,Company S/A,cancelado,2007,Construção,0.078118277,0.002492667,,18.85754115,7.739366518,2.173496679,0.002831293,0.011667873,1
241,Refinaria de Petroleo de Manguinhos S.A.,ativo,2007,Petróleo e Gas,0.287822481,0.237542562,0.14237569,18.86616112,1.191124384,0.698911885,-0.117086198,-0.194044477,0
87,Camargo Correa Desenv. Imobiliario S.A.,ativo,2007,Construção,0.044198554,0.001820683,,18.9014883,13.4433883,1.239552497,-0.029099022,-0.19733767,0
138,Trafo Equipamentos Eletricos S.A.,ativo,2007,Eletroeletrônicos,0.186126296,0.135594604,0.093728171,18.92670888,4.455627662,1.071846858,0.037665168,0.027823162,0
285,Electro Aco Altona S.A.,ativo,2007,Siderur & Metalur,0.087181595,0.429345424,0.066822807,18.93781244,8.277258778,1.512996579,0.178162801,0.12979293,1
325,Rimet Empreend. Inds. e Comerciais S/A,ativo,2007,Siderur & Metalur,0.169606053,0.177813603,0.136549148,18.95055577,4.297569439,0.718305076,0.114828001,0.090568193,0
65,Grazziotin SA,ativo,2007,Comércio,0,0.136162556,0.037299925,18.97503768,,2.316745874,0.056677903,0.057198362,1
122,Bematech Ind. e Com. de Equip. Elet. S.A.,ativo,2007,Eletroeletrônicos,0.040166012,0.0142202,,19.02883632,15.1426108,1.209263944,-0.051029889,-0.120781257,0
315,Metisa Metalurgica,ativo,2007,Siderur & Metalur,0.071149198,0.188769764,0.04920853,19.05678127,10.95056978,2.302719003,0.23335712,0.143676883,1
460,Wetzel SA,ativo,2007,Veiculos e peças,0.193450122,0.45497211,0.037381433,19.06267673,4.612669897,1.684876707,0.137426428,0.093997169,1
386,DÖhler S.A.,ativo,2007,Textil,0.151221726,0.114651857,0.060234738,19.06549865,4.419077422,0.778144894,-0.029068302,-0.046005541,0
318,Panatlantica SA,ativo,2007,Siderur & Metalur,0.149645758,0.103481095,0.146564416,19.07601182,5.558434901,0.871739041,0.068259316,0.051766038,0
380,Cia. de Fiacao e Tecidos Cedro Cachoeira,ativo,2007,Textil,0.340545536,0.194737794,0.052962798,19.22207228,1.709648185,0.58810195,-0.033730573,-0.043510841,0
190,Terna Participacoes SA,ativo,2007,Energia Elétrica,0,0,,19.23123311,,1.881062278,0.153083117,0.98407843,1
220,Eternit S. A.,ativo,2007,Minerais não Met,0.000753878,0.199132786,0.008388054,19.25365508,796.3312477,1.654358847,-0.027050343,-0.036397626,1
303,Forjas Taurus S.A.,ativo,2007,Siderur & Metalur,0.072576704,0.162187043,0.024899803,19.28113736,8.682695303,2.540927319,0.060047997,0.112289784,1
396,Karsten S.A.,ativo,2007,Textil,0.299538431,0.258816236,0.044460374,19.29162677,3.447780945,0.922746016,0.078700787,0.06482586,0
118,Construtora Tenda S/A,ativo,2007,Construção,0.014457875,0.008506487,,19.29218748,41.78020256,1.892722701,-0.015604879,-0.057485641,1
195,Bardella SA Inds Mecanicas,ativo,2007,Máquinas Indust,0.144569358,0.109341648,0.020081717,19.30250839,4.397454789,0.62248522,-0.015080296,-0.027934302,0
402,Companhia Tecidos Santanense,ativo,2007,Textil,0.383560039,0.381547064,0.088228195,19.31253533,2.544691422,0.542872918,0.076756397,0.078552251,0
112,Rossi Residencial S/A,ativo,2007,Construção,0.103193378,0.001150828,0.024644211,19.33086084,5.646471355,2.10325018,-0.020074199,-0.152195173,1
29,Cia. Iguacu de Cafe Soluvel,ativo,2007,Alimentos e Beb,0.136692988,0.240160188,0.050895086,19.35028644,4.970721141,1.433353631,-0.014270772,-0.015725219,1
263,Millennium Inorganic Chemicals do Brasil,ativo,2007,Química,0,0.467956178,0.077433805,19.38474017,,0.594407228,-0.017516725,-0.03157128,0
317,Mundial S/A - Produtos de Consumo,ativo,2007,Siderur & Metalur,0.589275503,0.305805807,0.008441998,19.40135749,0.845232537,0.278067209,0.029214898,0.092556615,0
383,Cremer S.A.,ativo,2007,Textil,0.020646438,0.095890199,,19.41037434,29.66157033,1.464420524,-0.05716402,-0.082325742,1
109,Mrv Engenharia e Participacoes S.A.,ativo,2007,Construção,0.003673671,0.006171027,,19.42539619,163.4861961,2.888680811,-0.010778183,-0.070556876,1
35,Cia Leco de Prods Alimenticios,cancelado,2007,Alimentos e Beb,0.151566981,0.52532812,0.049587524,19.45860487,4.541097972,0.645539146,0.006715978,0.005730781,0
401,Pettenati SA Ind Textil,ativo,2007,Textil,0.082696942,0.309757067,0.069202156,19.49889442,9.248322509,1.150590699,0.159519982,0.101701582,0
408,Teka Tecelagem Kuehnrich SA,ativo,2007,Textil,0.779899916,0.323829338,0.055449431,19.52062881,-0.337297745,0.35536187,-0.003219559,-0.005589196,0
223,Portobello SA,ativo,2007,Minerais não Met,0.17549027,0.378205758,0.036402096,19.56549254,3.265506974,1.402325095,-0.033536578,-0.042382673,0
227,Celulose Irani SA,ativo,2007,Papel e Celulose,0.386407808,0.497111473,0.068345828,19.64939689,1.872047134,1.267949187,0.036202877,0.051720303,0
381,Cia Hering,ativo,2007,Textil,0.343941989,0.249176876,0.018917399,19.72696552,1.893256834,0.969864659,0.022400219,0.053986128,0
15,Cia Cacique Cafe Soluvel,ativo,2007,Alimentos e Beb,0.251677473,0.294579422,0.053824593,19.77542252,3.235335201,1.066576525,0.002508074,0.002144096,0
456,Schulz S.A.,ativo,2007,Veiculos e peças,0.262307639,0.47365126,0.029670836,19.8016409,3.524158927,1.519862741,0.147173323,0.129984015,1
443,Fras-Le SA,ativo,2007,Veiculos e peças,0.181997052,0.328460503,0.041547525,19.81489615,4.710897903,1.584705497,0.136633756,0.123120881,1
202,Metalfrio Solutions S/A,ativo,2007,Máquinas Indust,0.068371832,0.068768488,,19.84815064,9.442984697,2.257674271,0.00383435,0.004639959,1
275,Companhia Providencia Ind e Comercio,ativo,2007,Química,0.30030583,0.184499929,,19.84846727,2.428089664,1.376102142,0.020476446,0.043799437,0
300,Cia Ferro Ligas Bahia Ferbasa,ativo,2007,Siderur & Metalur,0,0.358653882,0.104500063,19.91769324,,0.84095114,0.091907982,0.132741164,0
336,Amazonia Celular S.A.,ativo,2007,Telecomunicações,0.494666947,0.462352946,0.081889652,20.00317491,1.694831744,0.580744807,0.070092909,0.073596489,0
424,Santos-Brasil S/A,cancelado,2007,Transporte Serviç,0.044307966,0.391879952,0.09285632,20.00643029,14.0014276,2.475794728,0.071309844,0.189424426,1
33,Josapar- Joaquim Oliveira S/A Particip,ativo,2007,Alimentos e Beb,0.2462175,0.177417049,0.006424818,20.11182398,4.016809164,1.104799393,0.123302467,0.085847304,0
282,Unipar- Uniao de Inds. Petroquimicas S/A,ativo,2007,Química,0.355837295,0.027593071,0.021558736,20.11804711,1.590217083,1.130569255,-0.010387964,-0.043800313,0
150,Cia Est Geracao e Trans de En El Ceee-Gt,ativo,2007,Energia Elétrica,0.155172696,0.609006639,0.041507378,20.12810344,3.706306013,1.671564057,0.079401262,0.257960045,1
392,Guararapes Confeccoes S.A.,ativo,2007,Textil,3.48033E-05,0.078573169,0.027294362,20.14423275,17240.33347,2.514512502,0.120360084,0.32883984,1
429,Tegma Gestao Logistica S.A.,ativo,2007,Transporte Serviç,0.017511686,0.10253375,,20.16397974,36.17017045,3.342280908,0.156745064,0.128797779,1
54,SA Fabrica Prods Alimcs Vigor,cancelado,2007,Alimentos e Beb,0.399634302,0.320688035,0.016439735,20.21908476,2.140499298,1.223008813,0.081475364,0.082978477,0
200,Industrias Romi S.A.,ativo,2007,Máquinas Indust,0.262417389,0.109625694,0.049260491,20.25532568,2.893418614,1.723997613,0.074345513,0.162734256,1
181,"Duke Energy Int, Geracao Paranapanema SA",ativo,2007,Energia Elétrica,0.220278691,0.890522216,0.00602946,20.26793484,2.603743703,1.393097017,0.078913541,0.412051943,0
248,Bombril SA,ativo,2007,Química,0.031518776,0.046058578,1.036265606,20.28569222,19.82937527,1.104395016,0.107095577,0.122422363,0
97,Gafisa S/A,ativo,2007,Construção,0.110311723,0.004025391,0.01597034,20.33619796,5.652540564,1.737380363,0.019025358,0.077878491,1
163,Cia Energetica do Rio Grande do Norte,ativo,2007,Energia Elétrica,0.224236633,0.293294426,0.044906354,20.43534107,3.512991038,1.441718721,0.198777005,0.345043731,1
61,Dimed SA Distribuidora de Medicamentos,ativo,2007,Comércio,0.007782694,0.078363137,0.03817708,20.53386045,80.56983632,1.188491541,0.085386398,0.026094597,0
62,Drogasil SA,ativo,2007,Comércio,0.060451069,0.139586439,0.022155047,20.54062703,11.62512007,1.689352062,0.041139319,0.028022889,1
239,Refinaria Pet Ipiranga SA,cancelado,2007,Petróleo e Gas,0.027626496,0.036625312,0.059689435,20.54577181,22.33351852,1.530880186,0.008706506,0.009754397,1
212,Magnesita S.A.,cancelado,2007,Mineração,0.040494678,0.274330993,0.01341191,20.57442818,15.70400109,2.014939141,0.089393295,0.121311255,1
255,Elekeiroz S/A,ativo,2007,Química,0.106307385,0.335307279,0.058896203,20.58471731,7.359824582,1.316528029,0.157992491,0.114119692,0
156,Companhia Energetica do Maranhao - Cemar,ativo,2007,Energia Elétrica,0.241929309,0.46251655,0.062648489,20.59426588,3.092199874,1.720220972,0.170355197,0.365226958,1
421,Localiza Rent a Car S.A.,ativo,2007,Transporte Serviç,0.194880381,0.549143033,,20.81049252,3.40867169,2.782788749,0.10646824,0.165940517,1
261,Fertilizantes Fosfatados S.A. -Fosfertil,ativo,2007,Química,0.004870406,0.232452366,0.068404393,20.81452327,124.1220415,4.157398711,0.157042191,0.293356494,1
131,Itautec S.A-Grupo Itautec,ativo,2007,Eletroeletrônicos,0.230519145,0.130881146,0.030148798,20.83417911,4.078097234,0.938540404,0.075817502,0.063823617,0
157,Centrais Eletricas Matogrossenses S.A.,ativo,2007,Energia Elétrica,0.35142716,0.493341167,0.027668655,20.84457952,1.926981341,0.626749929,0.103298841,0.255262498,0
154,Centrais Eletricas do Para S.A. - Celpa,ativo,2007,Energia Elétrica,0.353027838,0.530426492,0.015651514,20.84503293,1.658260869,0.4711925,0.053493889,0.163377132,0
453,Randon S/A Implementos e Participacoes,ativo,2007,Veiculos e peças,0.09285014,0.205282188,0.060401321,20.84630968,7.612773459,2.630081951,0.091288977,0.090460628,1
37,m Dias Branco S.A. Ind e Com de Alimentos,ativo,2007,Alimentos e Beb,0.153950309,0.37531523,0.018746178,20.87573367,4.441181139,2.084960926,0.065989648,0.090945776,1
391,Grendene S/A,ativo,2007,Textil,0.078051982,0.104352929,0.020060263,20.89400811,9.301754641,1.601979321,0.128191948,0.157466163,1
375,Sao Paulo Alpargatas SA,ativo,2007,Textil,0.04563539,0.148196331,0.048283246,20.95311168,14.19419947,2.026937785,0.082729789,0.088738452,1
192,Cteep-Cia Transm Energia Eletr. Paulista,ativo,2007,Energia Elétrica,0.087342892,0.78746385,0.064693222,20.99741728,7.332851039,1.177830195,0.18459387,0.726931597,0
235,Cia. Distrib. de Gas do Rio de Janeiro,ativo,2007,Petróleo e Gas,0.397321058,0.596578391,0.012412702,21.01021914,2.121803973,1.123979275,0.162250266,0.20086508,0
149,Cia Est de Dist de Energia Eletr Ceee-D,ativo,2007,Energia Elétrica,0.059127331,0.480488573,,21.03165013,10.18274564,1.729857637,0.00114141,0.001494243,1
364,Telemig Celular S.A.,ativo,2007,Telecomunicações,0.05136165,0.383280829,0.025871681,21.0434635,12.54697027,1.511452255,0.129088494,0.178587193,1
267,Petroflex Industria e Comercio S.A.,cancelado,2007,Química,0.364973299,0.505186905,0.056642153,21.05277244,2.991401728,0.906763499,0.115681142,0.085951627,0
448,Marcopolo SA,ativo,2007,Veiculos e peças,0.191021388,0.083458323,0.015624866,21.07080447,4.160125344,1.432371713,0.051267151,0.049547923,1
142,Aes Tiete S.A.,ativo,2007,Energia Elétrica,0.157326916,0.479205,0.075953132,21.10030952,5.619242192,3.298038789,0.41178043,0.70684679,1
40,Minerva S/A,ativo,2007,Alimentos e Beb,0.394302586,0.242642182,,21.10239039,2.782937556,0.996142297,0.046807769,0.043767133,0
449,Mahle Metal Leve S.A.,ativo,2007,Veiculos e peças,0.220210989,0.360610739,0.073929549,21.10894584,4.086817484,1.156718254,0.131315764,0.097980843,0
134,Positivo Informatica S.A.,ativo,2007,Eletroeletrônicos,0.003762817,0.02206298,,21.18600565,161.5494965,4.043990392,0.090315198,0.053709346,1
189,Rge Rio Grande Energia SA,cancelado,2007,Energia Elétrica,0.292215301,0.621289358,0.023150095,21.19440944,2.437791098,1.051342875,0.115909131,0.195379021,0
161,Companhia Energetica do Ceara - Coelce,ativo,2007,Energia Elétrica,0.251046718,0.598168827,0.052006615,21.25529135,2.895198783,0.866966509,0.136510143,0.206717431,0
295,Confab Industrial SA,ativo,2007,Siderur & Metalur,0.016757214,0.128987821,0.136564377,21.27810165,37.39296359,1.251167876,0.187175296,0.187002592,0
276,Suzano Petroquimica S.A.,ativo,2007,Química,0.336953851,0.216483072,0.014171317,21.36213527,2.372395168,1.360609673,0.017774589,0.023695877,0
70,Lojas Renner SA,ativo,2007,Comércio,0.027022052,0.199911291,0.042675398,21.37108819,23.84724423,3.244379776,0.155298564,0.112657178,1
286,Acos Villares SA,ativo,2007,Siderur & Metalur,0.138770722,0.367902278,0.036156018,21.39649598,6.326867248,1.955944432,0.257494695,0.225306545,1
155,Cia Energ de Pernambuco,ativo,2007,Energia Elétrica,0.337389103,0.35379536,0.031224633,21.41049856,2.502658801,0.984947663,0.143098767,0.238640262,0
22,Eleva Alimentos S/A,cancelado,2007,Alimentos e Beb,0.273381416,0.327991274,0.027770923,21.45282787,3.067907946,1.495449365,-0.013034969,-0.009748468,1
284,Yara Brasil Fertilizantes S/A,ativo,2007,Química,0.004137173,0.13460408,0.131986743,21.47628818,146.0683336,2.01065775,0.023122124,0.0163944,1
144,Ampla Energia e Servicos S.A.,ativo,2007,Energia Elétrica,0.288717286,0.520054533,0.042491207,21.47783544,2.420880164,1.318810548,0.10798486,0.24417171,0
159,Cesp - Companhia Energetica de Sao Paulo,ativo,2007,Energia Elétrica,0.216609446,0.881576297,0.027389766,21.50337298,2.425040845,0.86092746,0.051960734,0.467942977,0
77,Profarma Distrib. Produtos Farmaceuticos,ativo,2007,Comércio,0.126158446,0.016179955,,21.52773836,7.636456891,1.612725583,0.067619418,0.027946556,1
234,Votorantim Celulose e Papel SA,ativo,2007,Papel e Celulose,0.139429655,0.370948169,0.063036245,21.53205777,4.13652724,1.462624036,0.001465181,0.005735807,1
39,Marfrig Frigorificos e Com. Alimentos SA,ativo,2007,Alimentos e Beb,0.361016828,0.172937493,,21.5342876,2.34395432,1.291712911,0.07858385,0.131597285,0
168,Elektro Eletricidade e Servicos S/A,ativo,2007,Energia Elétrica,0.123592222,0.515229815,0.078926094,21.53689153,6.218431774,2.279751385,0.267074108,0.316073992,1
256,Fertilizantes Heringer S.A.,ativo,2007,Química,0.233697905,0.140620812,,21.53900138,4.234760855,0.961873621,0.057328865,0.032830747,0
55,B2w Companhia Global do Varejo,ativo,2007,Comércio,0.062239342,0.023979191,,21.58089175,11.06216839,5.055344392,0.166996829,0.118786524,1
225,Aracruz Celulose SA,ativo,2007,Papel e Celulose,0.13991909,0.485662756,0.052790731,21.62624922,4.230027084,1.620630883,0.040802771,0.174849774,1
229,Klabin S.A.,ativo,2007,Papel e Celulose,0.297772167,0.469209553,0.061467979,21.70396208,2.198079623,1.705620571,0.026417615,0.079209785,1
191,Tractebel Energia S.A.,ativo,2007,Energia Elétrica,0.067661585,0.50261885,0.057775002,21.70667675,9.768030191,2.750332705,0.23514834,0.476885875,1
160,Cia Eletricidade da Bahia,ativo,2007,Energia Elétrica,0.2011037,0.452279186,0.067822741,21.78736742,4.086026808,1.911347022,0.238234745,0.369018513,1
75,Natura Cosmeticos S/A,ativo,2007,Comércio,0.031571921,0.017887209,0.032939927,21.87656011,22.08080684,4.831387411,0.375056888,0.184399551,1
64,Globex Utilidades SA,ativo,2007,Comércio,0.106406148,0.091934842,0.053394761,21.87952231,6.576861063,2.425880787,-0.036315236,-0.0241245,1
268,Petroquimica Uniao S.A.,cancelado,2007,Química,0.357425019,0.698194148,0.047912253,21.88380793,2.969985109,1.009907122,0.114120888,0.081566256,0
67,Lojas Americanas S.A.,ativo,2007,Comércio,0.11674545,0.096603287,0.005585428,21.88940406,5.891568822,3.942012418,0.090430213,0.094351151,1
236,Companhia de Gas de Sao Paulo - Comgas,ativo,2007,Petróleo e Gas,0.204394758,0.688850847,0.056488624,21.89013224,4.324783914,1.875376835,0.260238834,0.25411406,1
233,Suzano Papel e Celulose S.A.,ativo,2007,Papel e Celulose,0.37030029,0.534593349,0.022228442,21.90365932,1.741010172,1.294331204,0.058825958,0.201310335,0
237,Distrib Produtos Petroleo Ipiranga S/A,cancelado,2007,Petróleo e Gas,0.027379122,0.110062684,0.020501623,21.95882044,25.07289705,1.139415397,0.05413047,0.017718876,0
288,Arcelormittal Inox Brasil S/A,cancelado,2007,Siderur & Metalur,0.036929841,0.436662216,0.050071004,22.10702499,17.54101695,1.53147244,0.181807956,0.222391846,1
32,Jbs S.A.,ativo,2007,Alimentos e Beb,0.25393736,0.22475545,,22.10852016,2.862163592,1.466426095,0.082861558,0.122528618,1
139,Whirlpool S.A.,ativo,2007,Eletroeletrônicos,0.003503266,0.215473017,0.053201394,22.27353998,172.8787227,1.693268454,0.163448289,0.120534201,1
171,Eletropaulo Metropolitana El.S.Paulo S.A.,ativo,2007,Energia Elétrica,0.236956077,0.539488446,0.024990589,22.68769333,3.028754473,0.655164178,0.10979061,0.187107979,0
334,Usinas Siderurgicas de Minas Gerais S.A.,ativo,2007,Siderur & Metalur,0.023458647,0.225377159,0.045457779,22.72515359,26.43714464,1.723331479,0.153293407,0.333133325,1
169,Centrais Elet Brasileiras SA,ativo,2007,Energia Elétrica,0.244739807,0.00029782,0.005789452,22.74555935,2.024506236,0.366991276,-0.011050777,-0.141470458,0
48,Sadia S.A.,ativo,2007,Alimentos e Beb,0.193650982,0.358967569,0.029980148,22.80753222,3.737675724,1.082074688,0.032427789,0.031333456,0
330,Companhia Siderurgica Nacional,ativo,2007,Siderur & Metalur,0.176792799,0.474239251,0.022569794,22.88428114,3.565392944,1.84542096,0.112424062,0.344638895,1
442,Embraer - Emp Brasileira Aeronautica Sa.,ativo,2007,Veiculos e peças,0.150418085,0.052648754,0.051202278,22.92509856,4.209301893,1.268649448,0.0071428,0.010934938,0
338,Brasil Telecom S.A.,ativo,2007,Telecomunicações,0.248493581,0.300843484,0.021015261,22.96963755,2.890817274,1.20503478,0.118137078,0.182086523,0
76,Companhia Brasileira de Distribuicao,ativo,2007,Comércio,0.175284449,0.400158424,0.007639128,23.09662481,4.099542212,0.90730304,0.035776111,0.03463092,0
7,Companhia de Bebidas Das Americas-Ambev,ativo,2007,Alimentos e Beb,0.070986485,0.085299415,0.069562517,23.18379116,8.773099066,2.745012579,0.142974368,0.373112474,1
249,Braskem S.A.,ativo,2007,Química,0.468944475,0.384291549,0.027894294,23.21931649,1.596293892,0.71906216,0.043613048,0.059779178,0
367,Telecomunicacoes de Sao Paulo S/A-Telesp,ativo,2007,Telecomunicações,0.12491678,0.517703128,0.039528338,23.36430306,5.670612239,1.404745376,0.18634756,0.247170643,0
362,Telemar Norte Leste S/A,ativo,2007,Telecomunicações,0.268130664,0.297507021,0.011572809,23.38329982,2.814382789,1.012690108,0.125084816,0.241550839,0
216,Cia Vale do Rio Doce,ativo,2007,Mineração,0.037108137,0.24060369,0.036624643,23.80588872,16.0587452,2.405119432,0.055241763,0.295702235,1
238,Cia. Brasileira de Petroleo Ipiranga,cancelado,2007,Petróleo e Gas,0.15388702,0.195668637,0.006023298,23.83448322,10.92711479,1.141962293,0.095091622,0.013894069,0
242,Petroleo Brasileiro,ativo,2007,Petróleo e Gas,0.012768582,0.365720036,0.024302135,25.5656166,47.51218667,2.061625944,0.148682311,0.24775069,1
