salary,teamsal,nl,years,games,atbats,runs,hits,doubles,triples,hruns,rbis,bavg,bb,so,sbases,fldperc,frstbase,scndbase,shrtstop,thrdbase,outfield,catcher,yrsallst,hispan,black,whitepop,blackpop,hisppop,pcinc,gamesyr,hrunsyr,atbatsyr,allstar,slugavg,rbisyr,sbasesyr,runsyr,percwhte,percblck,perchisp,blckpb,hispph,whtepw,blckph,hisppb,lsalary
6329213,38407380,1,12,1705,6705,1076,1939,320,67,231,836,289,619,948,314,989,0,1,0,0,0,0,9,0,0,5772110,1547725,893422,18840,142.08333,19.25,558.75,75,46.025352,69.666664,26.166666,89.666664,70.277969,18.844229,10.877804,0,0,70.277969,0,0,15.660686
3375000,38407380,1,8,918,3333,407,863,156,38,73,342,259,137,582,133,968,0,0,1,0,0,0,2,0,1,5772110,1547725,893422,18840,114.75,9.125,416.625,25,39.423943,42.75,16.625,50.875,70.277969,18.844229,10.877804,18.844229,0,0,10.877804,0,15.031906
3100000,38407380,1,5,751,2807,370,840,148,18,46,355,299,341,228,41,994,1,0,0,0,0,0,0,0,0,5772110,1547725,893422,18840,150.2,9.1999998,561.40002,0,41.396507,71,8.1999998,74,70.277969,18.844229,10.877804,0,0,70.277969,0,0,14.946913
2900000,38407380,1,8,1056,3337,405,816,143,18,107,421,245,306,653,15,971,0,0,0,1,0,0,0,0,0,5772110,1547725,893422,18840,132,13.375,417.125,0,39.436619,52.625,1.875,50.625,70.277969,18.844229,10.877804,0,0,70.277969,0,0,14.880221
1650000,38407380,1,12,1196,3603,437,928,19,16,124,541,258,316,725,32,977,0,0,0,0,1,0,0,0,1,5772110,1547725,893422,18840,99.666664,10.333333,300.25,0,37.496532,45.083332,2.6666667,36.416668,70.277969,18.844229,10.877804,18.844229,0,0,10.877804,0,14.316286
700000,38407380,1,17,2032,7489,1136,2145,270,142,40,574,286,416,1098,660,987,0,0,0,0,1,0,2,0,1,5772110,1547725,893422,18840,119.52941,2.3529413,440.52942,11.764706,37.641876,33.764706,38.823528,66.823532,70.277969,18.844229,10.877804,18.844229,0,0,10.877804,0,13.458836
695000,38407380,1,4,394,1293,179,303,51,13,37,141,234,77,358,67,965,0,0,0,0,1,0,0,1,0,5772110,1547725,893422,18840,98.5,9.25,323.25,0,37.973705,35.25,16.75,44.75,70.277969,18.844229,10.877804,0,10.877804,0,0,18.844229,13.451667
275000,38407380,1,10,432,1005,78,240,35,5,13,95,239,39,140,1,990,0,0,0,0,0,1,0,0,0,5772110,1547725,893422,18840,43.200001,1.3,100.5,0,32.238808,9.5,.1,7.8000002,70.277969,18.844229,10.877804,0,0,70.277969,0,0,12.524527
235000,38407380,1,4,223,491,37,118,16,5,1,29,240,23,62,6,963,0,0,1,0,0,0,0,1,0,5772110,1547725,893422,18840,55.75,.25,122.75,0,29.9389,7.25,1.5,9.25,70.277969,18.844229,10.877804,0,10.877804,0,0,18.844229,12.367341
212500,38407380,1,3,156,434,45,116,16,0,10,59,267,18,48,6,971,0,0,0,0,1,0,0,0,1,5772110,1547725,893422,18840,52,3.3333333,144.66667,0,37.32719,19.666666,2,15,70.277969,18.844229,10.877804,18.844229,0,0,10.877804,0,12.266697
212500,38407380,1,2,169,447,41,111,18,1,14,44,248,47,109,3,993,0,0,0,0,0,1,0,0,0,5772110,1547725,893422,18840,84.5,7,223.5,0,38.702461,22,1.5,20.5,70.277969,18.844229,10.877804,0,0,70.277969,0,0,12.266697
180000,38407380,1,2,87,278,25,70,14,3,1,21,252,14,20,2,977,0,0,1,0,0,0,0,1,0,5772110,1547725,893422,18840,43.5,.5,139,0,33.453236,10.5,1,12.5,70.277969,18.844229,10.877804,0,10.877804,0,0,18.844229,12.100712
3400000,18297546,1,7,789,2872,312,758,124,15,85,375,264,139,516,62,980,0,0,0,0,0,1,4,1,0,2438598,591440,1061846,15682,112.71429,12.142858,410.28571,57.142857,40.633705,53.57143,8.8571424,44.57143,59.59597,14.453978,25.950052,0,25.950052,0,0,14.453978,15.039286
2000000,18297546,1,2,45,66,7,12,1,0,1,4,182,10,22,0,1000,1,0,0,0,0,0,0,1,0,2438598,591440,1061846,15682,22.5,.5,33,0,24.242424,2,0,3.5,59.59597,14.453978,25.950052,0,25.950052,0,0,14.453978,14.508657
1250000,18297546,1,4,442,1617,230,419,69,22,35,209,259,122,383,46,973,0,0,0,0,1,0,0,1,0,2438598,591440,1061846,15682,110.5,8.75,404.25,0,39.39394,52.25,11.5,57.5,59.59597,14.453978,25.950052,0,25.950052,0,0,14.453978,14.038654
825000,18297546,1,6,528,1608,178,395,60,7,8,130,246,159,203,32,970,0,0,1,0,0,0,2,0,0,2438598,591440,1061846,15682,88,1.3333334,268,33.333332,30.659204,21.666666,5.3333335,29.666666,59.59597,14.453978,25.950052,0,0,59.59597,0,0,13.623138
750000,18297546,1,7,701,2088,275,610,110,11,21,254,292,347,248,5,989,0,0,0,1,0,0,0,0,0,2438598,591440,1061846,15682,100.14286,3,298.28571,0,38.553638,36.285713,.71428573,39.285713,59.59597,14.453978,25.950052,0,0,59.59597,0,0,13.527828
200000,18297546,1,5,478,1348,155,351,69,9,26,123,260,112,218,59,972,0,0,0,0,1,0,0,0,1,2438598,591440,1061846,15682,95.599998,5.1999998,269.60001,0,38.278931,24.6,11.8,31,59.59597,14.453978,25.950052,14.453978,0,0,25.950052,0,12.206073
190000,18297546,1,2,168,421,42,114,23,2,3,42,271,67,84,9,957,0,1,0,0,0,0,0,0,0,2438598,591440,1061846,15682,84,1.5,210.5,0,35.629456,21,4.5,21,59.59597,14.453978,25.950052,0,0,59.59597,0,0,12.154779
138000,18297546,1,3,109,330,19,71,10,1,8,33,215,23,61,0,987,0,0,0,0,0,1,0,0,0,2438598,591440,1061846,15682,36.333332,2.6666667,110,0,32.424244,11,0,6.3333335,59.59597,14.453978,25.950052,0,0,59.59597,0,0,11.835009
136000,18297546,1,2,86,197,19,44,8,1,4,27,223,24,62,0,1000,0,0,0,0,1,0,0,0,0,2438598,591440,1061846,15682,43,2,98.5,0,33.502537,13.5,0,9.5,59.59597,14.453978,25.950052,0,0,59.59597,0,0,11.82041
125000,18297546,1,2,37,111,13,28,7,2,0,11,252,10,28,0,992,0,0,0,0,1,0,0,0,0,2438598,591440,1061846,15682,18.5,0,55.5,0,35.135136,5.5,0,6.5,59.59597,14.453978,25.950052,0,0,59.59597,0,0,11.736069
123000,18297546,1,1,32,99,14,29,6,0,0,7,293,11,13,0,967,0,0,0,0,1,0,0,0,1,2438598,591440,1061846,15682,32,0,99,0,35.353535,7,0,14,59.59597,14.453978,25.950052,14.453978,0,0,25.950052,0,11.719939
123000,18297546,1,3,38,77,9,16,3,0,0,4,208,9,10,12,1000,0,0,0,0,1,0,0,0,1,2438598,591440,1061846,15682,12.666667,0,25.666666,0,24.675325,1.3333334,4,3,59.59597,14.453978,25.950052,14.453978,0,0,25.950052,0,11.719939
3000000,14671833,1,4,433,1481,207,409,79,9,58,212,276,137,324,54,990,0,0,0,0,1,0,1,0,0,,38645,,17889,108.25,14.5,370.25,25,45.914921,53,13.5,51.75,,,,,,,,,14.914123
1537500,14671833,1,3,415,1592,234,433,62,18,21,152,272,215,355,144,972,0,1,0,0,0,0,0,0,1,,38645,,17889,138.33333,7,530.66669,0,37.311558,50.666668,48,78,,,,,,,,,14.245668
1500000,14671833,1,4,431,1573,230,422,78,17,24,136,268,115,231,177,983,0,0,0,0,1,0,0,0,0,,38645,,17889,107.75,6,393.25,0,38.525112,34,44.25,57.5,,,,,,,,,14.220976
210000,14671833,1,2,131,361,57,100,28,3,9,56,277,25,49,16,979,0,0,0,0,1,0,0,0,1,,38645,,17889,65.5,4.5,180.5,0,44.598339,28,8,28.5,,,,,,,,,12.254863
170000,14671833,1,4,145,389,22,92,19,2,4,41,237,21,49,0,994,0,0,0,0,0,1,0,0,0,,38645,,17889,36.25,1,97.25,0,32.647816,10.25,0,5.5,,,,,,,,,12.043553
142500,14671833,1,2,126,274,25,64,12,3,5,28,234,25,54,3,987,0,0,0,0,1,0,0,0,0,,38645,,17889,63,2.5,137,0,35.401459,14,1.5,12.5,,,,,,,,,11.867097
126500,14671833,1,1,45,126,17,38,4,1,2,8,302,9,31,0,947,0,0,1,0,0,0,0,1,0,,38645,,17889,45,2,126,0,39.682541,8,0,17,,,,,,,,,11.747997
117500,14671833,1,2,34,83,5,15,2,0,1,4,181,8,26,0,957,0,0,0,0,1,0,0,0,0,,38645,,17889,17,.5,41.5,0,24.096386,2,0,2.5,,,,,,,,,11.674193
115000,14671833,1,1,37,74,7,14,5,0,3,14,189,9,18,1,986,0,0,0,0,0,1,0,0,0,,38645,,17889,37,3,74,0,37.837837,14,1,7,,,,,,,,,11.652687
6200000,38553668,1,7,1046,3732,572,1040,224,37,135,596,279,463,570,32,958,0,0,0,0,1,0,4,0,1,12699119,3289465,2777951,19683,149.42857,19.285715,533.14288,57.142857,46.704182,85.14286,4.5714288,81.714287,67.668961,17.528357,14.802685,17.528357,0,0,14.802685,0,15.640059
3375000,38553668,1,16,2444,9124,1343,2646,462,32,414,1562,290,1147,1224,90,993,1,0,0,0,0,0,8,0,1,12699119,3289465,2777951,19683,152.75,25.875,570.25,50,48.377903,97.625,5.625,83.9375,67.668961,17.528357,14.802685,17.528357,0,0,14.802685,0,15.031906
2312500,38553668,1,8,1021,4042,648,1071,124,62,18,255,265,380,716,610,974,0,0,0,0,1,0,2,0,1,12699119,3289465,2777951,19683,127.625,2.25,505.25,25,33.968334,31.875,76.25,81,67.668961,17.528357,14.802685,17.528357,0,0,14.802685,0,14.65384
2300000,38553668,1,10,1328,5132,675,1465,251,70,48,479,285,396,480,181,980,0,0,1,0,0,0,4,1,0,12699119,3289465,2777951,19683,132.8,4.8000002,513.20001,40,38.971161,47.900002,18.1,67.5,67.668961,17.528357,14.802685,0,14.802685,0,0,17.528357,14.648419
2150000,38553668,1,11,1279,4309,672,1092,225,17,204,672,252.99998,576,1891,213,939,0,0,0,1,0,0,2,0,0,12699119,3289465,2777951,19683,116.27273,18.545454,391.72726,18.181818,45.555813,61.090908,19.363636,61.090908,67.668961,17.528357,14.802685,0,0,67.668961,0,0,14.580978
650000,38553668,1,9,930,2935,384,817,131,29,37,265,278,221,266,82,985,0,0,0,0,1,0,0,0,0,12699119,3289465,2777951,19683,103.33334,4.1111112,326.11111,0,38.057922,29.444445,9.1111107,42.666668,67.668961,17.528357,14.802685,0,0,67.668961,0,0,13.384727
635000,38553668,1,10,411,1004,133,251,30,6,12,96,250,95,183,60,959,0,0,0,1,0,0,0,0,1,12699119,3289465,2777951,19683,41.099998,1.2,100.4,0,32.768925,9.6000004,6,13.3,67.668961,17.528357,14.802685,17.528357,0,0,14.802685,0,13.361381
500000,38553668,1,7,339,889,87,182,48,3,12,92,205,87,11,0,988,0,0,0,0,0,1,0,0,0,12699119,3289465,2777951,19683,48.42857,1.7142857,127,0,30.596176,13.142858,0,12.428572,67.668961,17.528357,14.802685,0,0,67.668961,0,0,13.122363
475000,38553668,1,6,533,1555,199,422,70,8,8,136,271,127,195,19,993,0,0,0,0,1,0,0,0,0,12699119,3289465,2777951,19683,88.833336,1.3333334,259.16666,0,34.212219,22.666666,3.1666667,33.166668,67.668961,17.528357,14.802685,0,0,67.668961,0,0,13.07107
195000,38553668,1,3,180,485,45,97,23,1,8,41,200,31,108,3,995,0,0,0,0,0,1,0,0,0,12699119,3289465,2777951,19683,60,2.6666667,161.66667,0,30.103092,13.666667,1,15,67.668961,17.528357,14.802685,0,0,67.668961,0,0,12.180755
109000,38553668,1,1,30,108,15,24,7,1,3,10,222,8,24,2,988,0,0,0,0,1,0,0,0,1,12699119,3289465,2777951,19683,30,3,108,0,38.888889,10,2,15,67.668961,17.528357,14.802685,17.528357,0,0,14.802685,0,11.599103
2466667,27037334,1,8,931,3219,533,916,190,28,52,283,285,384,342,220,989,0,0,0,0,1,0,1,0,0,4540541,1100347,225868,18431,116.375,6.5,402.375,12.5,40.944393,35.375,27.5,66.625,77.394409,18.755629,3.8499641,0,0,77.394409,0,0,14.718378
2450000,27037334,1,7,930,2946,434,875,142,29,79,446,297,473,530,48,994,1,0,0,0,0,0,2,0,0,4540541,1100347,225868,18431,132.85715,11.285714,420.85715,28.571428,44.534962,63.714287,6.8571429,62,77.394409,18.755629,3.8499641,0,0,77.394409,0,0,14.711598
2416667,27037334,1,9,706,2114,263,492,105,9,75,309,233,341,441,32,986,0,0,0,0,0,1,1,0,0,4540541,1100347,225868,18431,78.444443,8.333333,234.88889,11.111111,39.7351,34.333332,3.5555556,29.222221,77.394409,18.755629,3.8499641,0,0,77.394409,0,0,14.6979
2000000,27037334,1,7,788,2830,368,722,123,27,53,253,255,146,536,147,959,0,0,0,0,1,0,0,1,0,4540541,1100347,225868,18431,112.57143,7.5714288,404.28571,0,37.385159,36.142857,21,52.57143,77.394409,18.755629,3.8499641,0,3.8499641,0,0,18.755629,14.508657
1375000,27037334,1,9,980,2982,398,838,124,35,37,258,281,251,498,191,981,0,0,0,0,1,0,0,0,1,4540541,1100347,225868,18431,108.88889,4.1111112,331.33334,0,38.329979,28.666666,21.222221,44.222221,77.394409,18.755629,3.8499641,18.755629,0,0,3.8499641,0,14.133965
1050000,27037334,1,7,904,3135,402,772,154,15,146,470,246,280,979,29,964,0,0,0,0,1,0,0,0,0,4540541,1100347,225868,18431,129.14285,20.857143,447.85715,0,44.46571,67.14286,4.1428571,57.42857,77.394409,18.755629,3.8499641,0,0,77.394409,0,0,13.864301
1000000,27037334,1,5,500,1697,207,477,98,7,41,245,281,62,233,10,993,1,0,0,0,0,0,0,0,1,4540541,1100347,225868,18431,100,8.1999998,339.39999,0,41.956394,49,2,41.400002,77.394409,18.755629,3.8499641,18.755629,0,0,3.8499641,0,13.815511
600000,27037334,1,9,698,2144,251,594,121,23,25,237,277,150,228,67,987,0,0,0,0,1,0,0,0,0,4540541,1100347,225868,18431,77.555557,2.7777777,238.22223,0,38.992538,26.333334,7.4444447,27.888889,77.394409,18.755629,3.8499641,0,0,77.394409,0,0,13.304685
600000,27037334,1,3,284,851,136,224,38,6,38,129,263,103,164,10,950,0,0,0,1,0,0,0,0,0,4540541,1100347,225868,18431,94.666664,12.666667,283.66666,0,45.593418,43,3.3333333,45.333332,77.394409,18.755629,3.8499641,0,0,77.394409,0,0,13.304685
300000,27037334,1,3,250,826,94,212,23,12,5,53,257,60,128,24,988,0,1,0,0,0,0,0,0,0,4540541,1100347,225868,18431,83.333336,1.6666666,275.33334,0,33.171913,17.666666,8,31.333334,77.394409,18.755629,3.8499641,0,0,77.394409,0,0,12.611538
250000,27037334,1,3,195,704,86,176,37,3,24,95,250,42,137,17,978,0,0,0,0,1,0,0,0,1,4540541,1100347,225868,18431,65,8,234.66667,0,41.335228,31.666666,5.6666665,28.666666,77.394409,18.755629,3.8499641,18.755629,0,0,3.8499641,0,12.429216
150000,27037334,1,4,159,362,41,66,12,3,2,23,182,26,82,6,972,0,0,1,0,0,0,0,1,0,4540541,1100347,225868,18431,39.75,.5,90.5,0,24.861879,5.75,1.5,10.25,77.394409,18.755629,3.8499641,0,3.8499641,0,0,18.755629,11.91839
122500,27037334,1,2,54,163,11,34,4,0,1,11,209,5,26,0,930,0,0,1,0,0,0,0,0,1,4540541,1100347,225868,18431,27,.5,81.5,0,25.153374,5.5,0,5.5,77.394409,18.755629,3.8499641,18.755629,0,0,3.8499641,0,11.715866
4950000,22987668,1,10,1390,4737,720,1308,251,82,144,688,276,558,895,220,986,0,0,0,0,1,0,2,0,0,2041897,178857,12852,20207,139,14.4,473.70001,20,45.492928,68.800003,22,72,91.417061,8.0075445,.57539243,0,0,91.417061,0,0,15.414898
2600000,22987668,1,7,669,2444,349,627,125,26,39,239,257,222,445,38,968,0,0,1,0,0,0,0,0,0,2041897,178857,12852,20207,95.571426,5.5714288,349.14285,0,37.684124,34.142857,5.4285712,49.857143,91.417061,8.0075445,.57539243,0,0,91.417061,0,0,14.771022
2350000,22987668,1,9,736,2134,166,574,97,5,16,243,269,288,200,5,992,0,0,0,0,0,1,0,0,0,2041897,178857,12852,20207,81.777779,1.7777778,237.11111,0,34.161201,27,.55555558,18.444445,91.417061,8.0075445,.57539243,0,0,91.417061,0,0,14.669926
1066667,22987668,1,11,1004,3071,320,859,193,26,59,351,280,219,438,16,985,0,0,0,0,0,1,0,0,0,2041897,178857,12852,20207,91.272728,5.3636365,279.18182,0,41.712795,31.90909,1.4545455,29.09091,91.417061,8.0075445,.57539243,0,0,91.417061,0,0,13.88005
1000000,22987668,1,15,1475,4888,853,1414,264,54,90,504,289,561,779,360,964,0,0,0,0,1,0,1,0,1,2041897,178857,12852,20207,98.333336,6,325.86667,6.6666665,42.062195,33.599998,24,56.866665,91.417061,8.0075445,.57539243,8.0075445,0,0,.57539243,0,13.815511
675000,22987668,1,4,365,1175,149,270,52,7,37,155,230,82,155,14,975,0,0,0,1,0,0,0,0,0,2041897,178857,12852,20207,91.25,9.25,293.75,0,38.042553,38.75,3.5,37.25,91.417061,8.0075445,.57539243,0,0,91.417061,0,0,13.422468
675000,22987668,1,6,431,931,120,232,39,2,29,123,249,116,137,15,983,0,0,0,0,1,0,0,0,1,2041897,178857,12852,20207,71.833336,4.8333335,155.16667,0,38.882923,20.5,2.5,20,91.417061,8.0075445,.57539243,8.0075445,0,0,.57539243,0,13.422468
360000,22987668,1,10,952,2367,215,578,114,19,26,224,244,206,339,31,976,0,0,1,0,0,0,0,0,0,2041897,178857,12852,20207,95.199997,2.5999999,236.7,0,34.136036,22.4,3.0999999,21.5,91.417061,8.0075445,.57539243,0,0,91.417061,0,0,12.793859
305000,22987668,1,3,279,840,136,218,46,7,16,110,260,117,153,13,991,1,0,0,0,0,0,0,1,0,2041897,178857,12852,20207,93,5.3333335,280,0,38.809525,36.666668,4.3333335,45.333332,91.417061,8.0075445,.57539243,0,.57539243,0,0,8.0075445,12.628067
120000,22987668,1,3,38,67,7,16,1,2,0,5,239,1,19,0,969,0,0,1,0,0,0,0,1,0,2041897,178857,12852,20207,12.666667,0,22.333334,0,31.343283,1.6666666,0,2.3333333,91.417061,8.0075445,.57539243,0,.57539243,0,0,8.0075445,11.695247
112000,22987668,1,2,92,229,26,58,13,0,0,11,252.99998,19,39,6,961,0,0,0,1,0,0,0,0,0,2041897,178857,12852,20207,46,0,114.5,0,31.004366,5.5,3,13,91.417061,8.0075445,.57539243,0,0,91.417061,0,0,11.626254
109000,22987668,1,1,12,12,1,2,0,1,0,2,167,0,5,0,1000,0,0,0,0,1,0,0,0,1,2041897,178857,12852,20207,12,0,12,0,33.333332,2,0,1,91.417061,8.0075445,.57539243,8.0075445,0,0,.57539243,0,11.599103
109000,22987668,1,1,10,7,2,4,0,0,0,4,571,2,0,1,800,0,0,0,1,0,0,0,0,1,2041897,178857,12852,20207,10,0,7,0,57.142857,4,1,2,91.417061,8.0075445,.57539243,8.0075445,0,0,.57539243,0,11.599103
3897184,23387518,1,15,2208,8087,1079,2108,347,57,22,681,261,949,524,542,979,0,0,1,0,0,0,12,0,1,1985500,423182,26014,18595,147.2,1.4666667,539.13336,80,32.583157,45.400002,36.133335,71.933334,81.550224,17.381308,1.0684701,17.381308,0,0,1.0684701,0,15.175765
2650000,23387518,1,6,617,2317,312,644,132,12,52,280,278,183,163,82,964,0,0,0,1,0,0,0,0,0,1985500,423182,26014,18595,102.83334,8.666667,386.16666,0,41.26025,46.666668,13.666667,52,81.550224,17.381308,1.0684701,0,0,81.550224,0,0,14.790071
2575000,23387518,1,6,508,1487,119,379,77,8,13,151,255,99,228,13,993,0,0,0,0,0,1,1,0,0,1985500,423182,26014,18595,84.666664,2.1666667,247.83333,16.666666,34.364491,25.166666,2.1666667,19.833334,81.550224,17.381308,1.0684701,0,0,81.550224,0,0,14.76136
2050000,23387518,1,9,1001,2780,288,726,94,19,12,224,261,380,331,33,983,0,1,0,0,0,0,0,1,0,1985500,423182,26014,18595,111.22222,1.3333334,308.88889,0,32.158272,24.888889,3.6666667,32,81.550224,17.381308,1.0684701,0,1.0684701,0,0,17.381308,14.53335
1025000,23387518,1,4,453,1581,196,413,82,11,34,194,261,206,255,26,966,0,0,0,1,0,0,0,0,0,1985500,423182,26014,18595,113.25,8.5,395.25,0,39.152435,48.5,6.5,49,81.550224,17.381308,1.0684701,0,0,81.550224,0,0,13.840203
966667,23387518,1,10,972,2890,346,761,134,11,52,357,263,289,327,140,987,1,0,0,0,0,0,0,0,1,1985500,423182,26014,18595,97.199997,5.1999998,289,0,37.128029,35.700001,14,34.599998,81.550224,17.381308,1.0684701,17.381308,0,0,1.0684701,0,13.78161
508333,23387518,1,3,297,1003,131,252,38,12,20,95,250.99998,139,259,34,979,0,0,0,0,1,0,0,0,1,1985500,423182,26014,18595,99,6.6666665,334.33334,0,37.288136,31.666666,11.333333,43.666668,81.550224,17.381308,1.0684701,17.381308,0,0,1.0684701,0,13.138892
290000,23387518,1,3,343,1290,182,353,73,22,32,167,274,126,288,94,990,0,0,0,0,1,0,0,0,1,1985500,423182,26014,18595,114.33334,10.666667,430,0,43.875969,55.666668,31.333334,60.666668,81.550224,17.381308,1.0684701,17.381308,0,0,1.0684701,0,12.577636
225000,23387518,1,3,174,418,46,101,20,2,22,63,242,36,81,1,983,0,0,0,0,0,1,0,1,0,1985500,423182,26014,18595,58,7.3333335,139.33333,0,45.693779,21,.33333334,15.333333,81.550224,17.381308,1.0684701,0,1.0684701,0,0,17.381308,12.323855
175000,23387518,1,3,230,716,95,193,31,8,13,66,270,86,90,38,982,0,0,0,0,1,0,0,0,1,1985500,423182,26014,18595,76.666664,4.3333335,238.66667,0,38.96648,22,12.666667,31.666666,81.550224,17.381308,1.0684701,17.381308,0,0,1.0684701,0,12.072541
170000,23387518,1,3,184,433,74,118,22,4,12,50,273,46,96,29,981,0,1,0,0,0,0,0,1,0,1985500,423182,26014,18595,61.333332,4,144.33333,0,42.494225,16.666666,9.666667,24.666666,81.550224,17.381308,1.0684701,0,1.0684701,0,0,17.381308,12.043553
160000,23387518,1,3,234,630,51,141,22,15,3,56,224,60,91,3,976,0,1,0,0,0,0,0,1,0,1985500,423182,26014,18595,78,1,210,0,32.063492,18.666666,1,17,81.550224,17.381308,1.0684701,0,1.0684701,0,0,17.381308,11.982929
3700000,37792000,1,6,701,2586,402,670,131,23,111,363,259,233,483,131,967,0,0,0,0,1,0,1,0,1,202017,736153,57169,15559,116.83334,18.5,431,16.666666,45.630318,60.5,21.833334,67,20.296301,73.96003,5.7436714,73.96003,0,0,5.7436714,0,15.123843
2815000,37792000,1,10,869,1996,381,513,53,10,6,123,257,208,264,305,987,0,0,0,0,1,0,0,0,1,202017,736153,57169,15559,86.900002,.60000002,199.60001,0,30.260521,12.3,30.5,38.099998,20.296301,73.96003,5.7436714,73.96003,0,0,5.7436714,0,14.850472
2250000,37792000,1,9,1240,4659,596,1274,228,33,87,633,273,332,567,114,958,0,0,0,1,0,0,1,0,1,202017,736153,57169,15559,137.77777,9.666667,517.66669,11.111111,39.257351,70.333336,12.666667,66.222221,20.296301,73.96003,5.7436714,73.96003,0,0,5.7436714,0,14.626441
2000000,37792000,1,6,578,1769,237,464,90,15,49,207,262,194,357,25,959,0,0,1,0,0,0,0,0,0,202017,736153,57169,15559,96.333336,8.166667,294.83334,0,41.322781,34.5,4.1666665,39.5,20.296301,73.96003,5.7436714,0,0,20.296301,0,0,14.508657
1775000,37792000,1,4,396,1370,228,369,70,8,71,240,269,215,267,23,976,0,0,0,0,1,0,0,0,1,202017,736153,57169,15559,99,17.75,342.5,0,48.759125,60,5.75,57,20.296301,73.96003,5.7436714,73.96003,0,0,5.7436714,0,14.389311
1600000,37792000,1,10,925,2770,311,726,172,11,81,413,262,306,398,43,991,1,0,0,0,0,0,0,0,0,202017,736153,57169,15559,92.5,8.1000004,277,0,41.985561,41.299999,4.3000002,31.1,20.296301,73.96003,5.7436714,0,0,20.296301,0,0,14.285514
1000000,37792000,1,4,222,593,101,145,11,18,17,57,245,46,110,46,974,0,0,0,0,1,0,0,0,1,202017,736153,57169,15559,55.5,4.25,148.25,0,40.978077,14.25,11.5,25.25,20.296301,73.96003,5.7436714,73.96003,0,0,5.7436714,0,13.815511
975000,37792000,1,6,379,1191,98,281,60,2,28,146,236,69,238,3,985,0,0,0,0,0,1,0,0,0,202017,736153,57169,15559,63.166668,4.6666665,198.5,0,36.020149,24.333334,.5,16.333334,20.296301,73.96003,5.7436714,0,0,20.296301,0,0,13.790193
925000,37792000,1,4,331,1013,109,250,51,3,16,107,247,108,130,4,994,0,0,0,0,0,1,1,0,0,202017,736153,57169,15559,82.75,4,253.25,25,35.044422,26.75,1,27.25,20.296301,73.96003,5.7436714,0,0,20.296301,0,0,13.737549
800000,37792000,1,11,777,1689,171,377,31,12,1,113,223,121,274,34,973,0,0,1,0,0,0,0,1,0,202017,736153,57169,15559,70.63636,.090909094,153.54546,0,25.754885,10.272727,3.090909,15.545455,20.296301,73.96003,5.7436714,0,5.7436714,0,0,73.96003,13.592367
675000,37792000,1,7,562,1353,195,336,65,10,20,127,248,142,195,50,979,0,0,0,1,0,0,0,0,0,202017,736153,57169,15559,80.285713,2.8571429,193.28572,0,35.550629,18.142857,7.1428571,27.857143,20.296301,73.96003,5.7436714,0,0,20.296301,0,0,13.422468
550000,37792000,1,5,423,1048,108,237,37,7,10,82,226,109,100,1,982,0,1,0,0,0,0,0,0,0,202017,736153,57169,15559,84.599998,2,209.60001,0,30.343512,16.4,.2,21.6,20.296301,73.96003,5.7436714,0,0,20.296301,0,0,13.217673
205000,37792000,1,2,199,509,66,125,29,3,26,91,246,38,98,1,991,1,0,0,0,0,0,0,0,0,202017,736153,57169,15559,99.5,13,254.5,0,46.75835,45.5,.5,33,20.296301,73.96003,5.7436714,0,0,20.296301,0,0,12.230765
181500,37792000,1,4,126,268,24,69,14,1,13,51,257,13,48,2,985,0,0,0,0,0,1,0,1,0,202017,736153,57169,15559,31.5,3.25,67,0,46.268658,12.75,.5,6,20.296301,73.96003,5.7436714,0,5.7436714,0,0,73.96003,12.109011
5700000,42668168,1,7,835,3122,478,924,150,30,70,368,296,273,291,148,973,0,0,1,0,0,0,4,0,1,1521061,203067,9376,17998,119.28571,10,446,57.142857,43.049328,52.57143,21.142857,68.285713,87.744881,11.714251,.54086983,11.714251,0,0,.54086983,0,15.555977
3900000,42668168,1,6,636,2091,378,626,103,22,20,158,299,218,266,151,972,0,0,0,0,1,0,1,0,1,1521061,203067,9376,17998,106,3.3333333,348.5,16.666666,39.837399,26.333334,25.166666,63,87.744881,11.714251,.54086983,11.714251,0,0,.54086983,0,15.176487
3750000,42668168,1,8,900,3109,469,859,162,20,171,548,276,352,542,26,963,0,0,0,0,1,0,2,0,1,1521061,203067,9376,17998,112.5,21.375,388.625,25,50.627213,68.5,3.25,58.625,87.744881,11.714251,.54086983,11.714251,0,0,.54086983,0,15.137266
3133333,42668168,1,6,638,2277,320,637,110,12,56,258,280,168,1440,151,984,0,0,0,0,1,0,1,0,1,1521061,203067,9376,17998,106.33334,9.333333,379.5,16.666666,41.238472,43,25.166666,53.333332,87.744881,11.714251,.54086983,11.714251,0,0,.54086983,0,14.957608
3100000,42668168,1,5,616,2335,342,637,153,11,80,275,273,189,276,108,962,0,0,0,1,0,0,3,0,0,1521061,203067,9376,17998,123.2,16,467,60,45.053532,55,21.6,68.400002,87.744881,11.714251,.54086983,0,0,87.744881,0,0,14.946913
1275000,42668168,1,5,388,1220,166,371,76,7,27,152,304,113,159,25,995,1,0,0,0,0,0,0,0,0,1521061,203067,9376,17998,77.599998,5.4000001,244,0,44.426231,30.4,5,33.200001,87.744881,11.714251,.54086983,0,0,87.744881,0,0,14.058456
1200000,42668168,1,4,407,1269,110,314,67,1,32,173,247,96,231,3,989,0,0,0,0,0,1,0,0,0,1521061,203067,9376,17998,101.75,8,317.25,0,37.746258,43.25,.75,27.5,87.744881,11.714251,.54086983,0,0,87.744881,0,0,13.997832
700000,42668168,1,10,1310,5146,718,1338,243,85,128,574,260,346,1208,349,973,0,0,0,0,1,0,3,1,0,1521061,203067,9376,17998,131,12.8,514.59998,30,41.488533,57.400002,34.900002,71.800003,87.744881,11.714251,.54086983,0,.54086983,0,0,11.714251,13.458836
475000,42668168,1,6,554,1755,258,450,86,9,62,236,256,373,357,16,992,1,0,0,0,0,0,0,0,1,1521061,203067,9376,17998,92.333336,10.333333,292.5,0,42.165241,39.333332,2.6666667,43,87.744881,11.714251,.54086983,11.714251,0,0,.54086983,0,13.07107
400000,42668168,1,5,355,557,71,135,28,7,8,57,242,35,91,24,969,0,0,0,0,1,0,0,0,0,1521061,203067,9376,17998,71,1.6,111.4,0,36.086178,11.4,4.8000002,14.2,87.744881,11.714251,.54086983,0,0,87.744881,0,0,12.89922
200000,42668168,1,2,125,425,68,112,26,6,13,39,264,48,107,17,980,0,0,0,0,1,0,0,0,1,1521061,203067,9376,17998,62.5,6.5,212.5,0,44.470589,19.5,8.5,34,87.744881,11.714251,.54086983,11.714251,0,0,.54086983,0,12.206073
120000,42668168,1,1,34,51,6,14,4,0,0,4,275,0,10,3,952,0,0,0,0,1,0,0,1,0,1521061,203067,9376,17998,34,0,51,0,35.294117,4,3,6,87.744881,11.714251,.54086983,0,.54086983,0,0,11.714251,11.695247
1200000,8854000,1,5,530,1845,168,461,77,4,48,219,250,83,319,13,953,0,0,0,1,0,0,0,0,1,1594734,97755,226200,18365,106,9.6000004,369,0,37.398373,43.799999,2.5999999,33.599998,83.115814,5.0948849,11.7893,5.0948849,0,0,11.7893,0,13.997832
725000,8854000,1,5,424,1365,144,347,69,6,38,176,254.00002,60,291,40,979,0,0,0,0,1,0,0,0,0,1594734,97755,226200,18365,84.800003,7.5999999,273,0,39.706959,35.200001,8,28.799999,83.115814,5.0948849,11.7893,0,0,83.115814,0,0,13.493927
690000,8854000,1,5,340,1022,88,242,45,7,28,126,237,61,224,5,991,0,0,0,0,1,0,0,0,1,1594734,97755,226200,18365,68,5.5999999,204.39999,0,37.671234,25.200001,1,17.6,83.115814,5.0948849,11.7893,5.0948849,0,0,11.7893,0,13.444447
670000,8854000,1,4,304,893,73,234,39,3,3,70,262,53,120,10,985,0,0,0,0,0,1,0,0,0,1594734,97755,226200,18365,76,.75,223.25,0,32.250839,17.5,2.5,18.25,83.115814,5.0948849,11.7893,0,0,83.115814,0,0,13.415033
600000,8854000,1,8,942,3407,432,909,182,16,116,472,267,235,859,59,992,1,0,0,0,0,0,1,1,0,1594734,97755,226200,18365,117.75,14.5,425.875,12.5,43.175816,59,7.375,54,83.115814,5.0948849,11.7893,0,11.7893,0,0,5.0948849,13.304685
550000,8854000,1,9,882,2261,321,565,114,21,65,224,250,205,392,97,976,0,0,0,0,1,0,0,0,1,1594734,97755,226200,18365,98,7.2222223,251.22223,0,40.513046,24.888889,10.777778,35.666668,83.115814,5.0948849,11.7893,5.0948849,0,0,11.7893,0,13.217673
350000,8854000,1,3,290,916,145,259,26,14,0,49,283,114,152,83,971,0,0,0,0,1,0,0,0,1,1594734,97755,226200,18365,96.666664,0,305.33334,0,34.170307,16.333334,27.666666,48.333332,83.115814,5.0948849,11.7893,5.0948849,0,0,11.7893,0,12.765689
310000,8854000,1,6,605,1755,249,432,55,17,3,109,246,220,204,153,992,0,0,0,0,1,0,0,0,1,1594734,97755,226200,18365,100.83334,.5,292.5,0,30.19943,18.166666,25.5,41.5,83.115814,5.0948849,11.7893,5.0948849,0,0,11.7893,0,12.644327
225000,8854000,1,17,2154,7918,196,2105,349,39,398,1259,266,981,1733,161,982,0,0,0,0,1,0,7,0,0,1594734,97755,226200,18365,126.70588,23.411764,465.76471,41.176472,47.057339,74.058823,9.4705887,11.529411,83.115814,5.0948849,11.7893,0,0,83.115814,0,0,12.323855
167500,8854000,1,2,98,236,25,58,11,1,1,20,246,11,49,1,974,0,0,1,0,0,0,0,1,0,1594734,97755,226200,18365,49,.5,118,0,31.355932,10,.5,12.5,83.115814,5.0948849,11.7893,0,11.7893,0,0,5.0948849,12.028739
120000,8854000,1,2,21,21,2,5,1,0,0,1,238,1,6,0,963,0,0,1,0,0,0,0,1,0,1594734,97755,226200,18365,10.5,0,10.5,0,28.571428,.5,0,1,83.115814,5.0948849,11.7893,0,11.7893,0,0,5.0948849,11.695247
3150000,28970500,1,6,694,2492,271,639,121,11,44,295,256,206,405,27,952,0,0,0,0,1,0,0,0,0,2507455,665378,772295,17707,115.66666,7.3333335,415.33334,0,36.677368,49.166668,4.5,45.166668,63.558266,16.865816,19.575918,0,0,63.558266,0,0,14.962913
3050000,28970500,1,5,645,2280,306,624,106,12,30,192,274,256,338,109,987,0,1,0,0,0,0,2,0,0,2507455,665378,772295,17707,129,6,456,40,37.017544,38.400002,21.799999,61.200001,63.558266,16.865816,19.575918,0,0,63.558266,0,0,14.930653
2900000,28970500,1,4,544,1884,249,520,78,29,18,171,276,147,211,117,986,0,0,0,0,1,0,0,0,0,2507455,665378,772295,17707,136,4.5,471,0,37.685776,42.75,29.25,62.25,63.558266,16.865816,19.575918,0,0,63.558266,0,0,14.880221
775000,28970500,1,6,641,1743,175,435,75,20,9,124,250,149,187,34,981,0,0,1,0,0,0,0,0,0,2507455,665378,772295,17707,106.83334,1.5,290.5,0,33.103844,20.666666,5.6666665,29.166666,63.558266,16.865816,19.575918,0,0,63.558266,0,0,13.560618
655000,28970500,1,2,318,1140,166,323,60,10,33,178,283,159,213,17,993,1,0,0,0,0,0,0,0,0,2507455,665378,772295,17707,159,16.5,570,0,44.035088,89,8.5,83,63.558266,16.865816,19.575918,0,0,63.558266,0,0,13.39239
500000,28970500,1,11,1267,4112,509,1108,203,39,104,507,269,279,566,134,982,0,0,0,0,1,0,1,0,1,2507455,665378,772295,17707,115.18182,9.454545,373.81818,9.090909,41.36673,46.090908,12.181818,46.272728,63.558266,16.865816,19.575918,16.865816,0,0,19.575918,0,13.122363
500000,28970500,1,7,779,2665,283,694,122,19,72,333,260,148,398,24,982,0,0,0,0,1,0,0,0,0,2507455,665378,772295,17707,111.28571,10.285714,380.71429,0,40.150093,47.57143,3.4285715,40.42857,63.558266,16.865816,19.575918,0,0,63.558266,0,0,13.122363
400000,28970500,1,9,993,3011,303,725,98,34,19,216,241,248,420,69,970,0,0,1,0,0,0,0,1,0,2507455,665378,772295,17707,110.33334,2.1111112,334.55554,0,31.484556,24,7.6666665,33.666668,63.558266,16.865816,19.575918,0,19.575918,0,0,16.865816,12.89922
350000,28970500,1,4,285,858,89,180,31,1,34,123,210,88,233,11,976,0,0,0,0,1,0,0,0,1,2507455,665378,772295,17707,71.25,8.5,214.5,0,36.713287,30.75,2.75,22.25,63.558266,16.865816,19.575918,16.865816,0,0,19.575918,0,12.765689
325000,28970500,1,3,271,881,92,218,49,12,23,124,247,66,158,17,988,0,0,0,0,1,0,0,1,0,2507455,665378,772295,17707,90.333336,7.6666665,293.66666,0,40.862656,41.333332,5.6666665,30.666666,63.558266,16.865816,19.575918,0,19.575918,0,0,16.865816,12.691581
162500,28970500,1,2,130,363,28,82,17,1,5,36,226,36,94,2,990,0,0,0,0,0,1,0,0,0,2507455,665378,772295,17707,65,2.5,181.5,0,31.955923,18,1,14,63.558266,16.865816,19.575918,0,0,63.558266,0,0,11.998433
156500,28970500,1,2,93,242,12,55,12,0,0,21,227,15,33,0,994,0,0,0,0,0,1,0,0,0,2507455,665378,772295,17707,46.5,0,121,0,27.685951,10.5,0,6,63.558266,16.865816,19.575918,0,0,63.558266,0,0,11.960812
135000,28970500,1,3,145,479,42,99,26,4,11,49,207,23,150,6,944,0,0,1,0,0,0,0,1,0,2507455,665378,772295,17707,48.333332,3.6666667,159.66667,0,34.655533,16.333334,2,14,63.558266,16.865816,19.575918,0,19.575918,0,0,16.865816,11.81303
130000,28970500,1,2,82,210,15,41,6,0,0,11,195,31,44,2,975,0,0,0,1,0,0,0,0,0,2507455,665378,772295,17707,41,0,105,0,22.380953,5.5,1,7.5,63.558266,16.865816,19.575918,0,0,63.558266,0,0,11.77529
3800000,36217500,1,10,1291,4564,768,1196,217,34,285,857,262,674,1119,204,979,0,0,0,0,1,0,8,0,1,9388957,1229809,4779118,14731,129.10001,28.5,456.39999,80,51.183174,85.699997,20.4,76.800003,60.975632,7.9868703,31.037498,7.9868703,0,0,31.037498,0,15.150512
3362500,36217500,1,13,1767,6529,737,1694,360,31,204,905,259,514,1007,50,964,0,0,0,1,0,0,5,0,0,9388957,1229809,4779118,14731,135.92308,15.692307,502.23077,38.46154,41.782814,69.615387,3.8461537,56.692307,60.975632,7.9868703,31.037498,0,0,60.975632,0,0,15.028195
3333333,36217500,1,12,1678,6169,1048,1777,216,99,44,439,288,857,673,437,992,0,0,0,0,1,0,1,0,0,9388957,1229809,4779118,14731,139.83333,3.6666667,514.08331,8.333333,37.656021,36.583332,36.416668,87.333336,60.975632,7.9868703,31.037498,0,0,60.975632,0,0,15.019484
2500000,36217500,1,6,715,2658,361,743,180,7,17,227,280,319,227,23,979,0,1,0,0,0,0,0,0,0,9388957,1229809,4779118,14731,119.16666,2.8333333,443,0,37.170807,37.833332,3.8333333,60.166668,60.975632,7.9868703,31.037498,0,0,60.975632,0,0,14.731801
1500000,36217500,1,7,852,2987,360,729,139,12,132,414,244,165,798,23,978,0,0,0,0,1,0,0,0,0,9388957,1229809,4779118,14731,121.71429,18.857143,426.71429,0,43.120186,59.142857,3.2857144,51.42857,60.975632,7.9868703,31.037498,0,0,60.975632,0,0,14.220976
1000000,36217500,1,9,932,3124,575,828,127,19,182,564,265,460,824,266,984,0,0,0,0,1,0,2,0,1,9388957,1229809,4779118,14731,103.55556,20.222221,347.11111,22.222221,49.263763,62.666668,29.555555,63.888889,60.975632,7.9868703,31.037498,7.9868703,0,0,31.037498,0,13.815511
970000,36217500,1,6,477,106,135,313,56,5,8,111,283,133,135,20,966,0,1,0,0,0,0,1,0,1,9388957,1229809,4779118,14731,79.5,1.3333334,17.666666,16.666666,380.18869,18.5,3.3333333,22.5,60.975632,7.9868703,31.037498,7.9868703,0,0,31.037498,0,13.785051
900000,36217500,1,5,548,1585,191,443,54,6,8,131,279,115,124,64,954,0,1,0,0,0,0,0,0,1,9388957,1229809,4779118,14731,109.6,1.6,317,0,33.627762,26.200001,12.8,38.200001,60.975632,7.9868703,31.037498,7.9868703,0,0,31.037498,0,13.71015
600000,36217500,1,10,1041,3107,456,825,139,52,63,313,266,302,527,155,980,0,0,0,0,1,0,0,0,0,9388957,1229809,4779118,14731,104.1,6.3000002,310.70001,0,40.457031,31.299999,15.5,45.599998,60.975632,7.9868703,31.037498,0,0,60.975632,0,0,13.304685
435000,36217500,1,2,163,559,63,141,31,1,20,89,252,38,109,2,993,1,0,0,0,0,0,0,0,0,9388957,1229809,4779118,14731,81.5,10,279.5,0,41.860466,44.5,1,31.5,60.975632,7.9868703,31.037498,0,0,60.975632,0,0,12.983101
300000,36217500,1,3,230,705,84,170,22,8,2,40,241,86,144,27,938,0,0,1,0,0,0,0,1,0,9388957,1229809,4779118,14731,76.666664,.66666669,235,0,30.35461,13.333333,9,28,60.975632,7.9868703,31.037498,0,31.037498,0,0,7.9868703,12.611538
175000,36217500,1,3,94,207,14,52,6,0,3,19,250.99998,11,28,1,980,0,0,0,0,0,1,0,1,0,9388957,1229809,4779118,14731,31.333334,1,69,0,32.367149,6.3333335,.33333334,4.6666665,60.975632,7.9868703,31.037498,0,31.037498,0,0,7.9868703,12.072541
126000,36217500,1,1,21,69,5,16,3,0,1,7,232,4,12,0,990,0,0,0,0,0,1,0,0,0,9388957,1229809,4779118,14731,21,1,69,0,31.884058,7,0,5,60.975632,7.9868703,31.037498,0,0,60.975632,0,0,11.744038
4250000,24557332,1,7,883,3003,511,839,148,13,191,515,279,553,737,33,992,1,0,0,0,0,0,1,0,1,1872256,159306,510781,22164,126.14286,27.285715,429,14.285714,52.813854,73.571426,4.7142859,73,73.642937,6.2661095,20.090956,6.2661095,0,0,20.090956,0,15.262429
4083333,24557332,1,11,1463,5701,842,1864,278,78,59,591,327,506,291,249,986,0,0,0,0,1,0,8,0,1,1872256,159306,510781,22164,133,5.3636365,518.27271,72.727272,43.413437,53.727272,22.636364,76.545456,73.642937,6.2661095,20.090956,6.2661095,0,0,20.090956,0,15.222425
3110000,24557332,1,5,440,1667,225,471,95,6,54,233,283,145,136,48,949,0,0,0,1,0,0,1,0,1,1872256,159306,510781,22164,88,10.8,333.39999,20,44.391121,46.599998,9.6000004,45,73.642937,6.2661095,20.090956,6.2661095,0,0,20.090956,0,14.950133
1750000,24557332,1,7,873,2866,339,716,141,28,32,292,250,249,411,32,962,0,1,0,0,0,0,1,0,0,1872256,159306,510781,22164,124.71429,4.5714288,409.42856,14.285714,35.20586,41.714287,4.5714288,48.42857,73.642937,6.2661095,20.090956,0,0,73.642937,0,0,14.375126
762500,24557332,1,10,977,2912,389,739,174,10,79,348,254.00002,360,492,21,979,0,1,0,0,0,0,0,0,0,1872256,159306,510781,22164,97.699997,7.9000001,291.20001,0,40.17857,34.799999,2.0999999,38.900002,73.642937,6.2661095,20.090956,0,0,73.642937,0,0,13.544358
300000,24557332,1,13,1441,4373,398,1131,198,12,68,446,259,567,307,29,988,0,0,0,0,0,1,2,0,0,1872256,159306,510781,22164,110.84615,5.2307692,336.38461,15.384615,35.604847,34.307693,2.2307692,30.615385,73.642937,6.2661095,20.090956,0,0,73.642937,0,0,12.611538
245000,24557332,1,3,175,512,74,137,27,1,18,68,268,71,127,3,975,0,0,0,0,1,0,0,0,0,1872256,159306,510781,22164,58.333332,6,170.66667,0,42.96875,22.666666,1,24.666666,73.642937,6.2661095,20.090956,0,0,73.642937,0,0,12.409014
165000,24557332,1,2,79,189,28,43,6,3,2,16,228,21,39,10,984,0,0,0,0,1,0,0,0,1,1872256,159306,510781,22164,39.5,1,94.5,0,32.275131,8,5,14,73.642937,6.2661095,20.090956,6.2661095,0,0,20.090956,0,12.0137
149000,24557332,1,5,131,265,22,64,11,0,1,19,242,6,47,1,958,0,0,1,0,0,0,0,0,0,1872256,159306,510781,22164,26.200001,.2,53,0,29.433962,3.8,.2,4.4000001,73.642937,6.2661095,20.090956,0,0,73.642937,0,0,11.911701
109000,24557332,1,1,15,23,1,7,0,0,1,5,304,1,7,0,941,1,0,0,0,0,0,0,1,0,1872256,159306,510781,22164,15,1,23,0,43.47826,5,0,1,73.642937,6.2661095,20.090956,0,20.090956,0,0,6.2661095,11.599103
4750000,34136500,1,7,1028,3778,605,1139,222,35,162,636,301,443,676,50,993,1,0,0,0,0,0,5,0,0,4434064,537753,970403,26414,146.85715,23.142857,539.71429,71.428574,50.741135,90.85714,7.1428571,86.428574,74.619652,9.0496988,16.330647,0,0,74.619652,0,0,15.373655
4416667,34136500,1,7,1010,3584,672,984,220,36,176,556,275,611,590,251,985,0,0,0,0,1,0,2,0,1,4434064,537753,970403,26414,144.28572,25.142857,512,28.571428,50.33482,79.428574,35.857143,96,74.619652,9.0496988,16.330647,9.0496988,0,0,16.330647,0,15.300896
2312500,34136500,1,11,1462,5669,773,1689,257,83,57,639,298,315,878,307,977,0,0,0,0,1,0,4,0,1,4434064,537753,970403,26414,132.90909,5.181818,515.36365,36.363636,40.271652,58.090908,27.90909,70.272728,74.619652,9.0496988,16.330647,9.0496988,0,0,16.330647,0,14.65384
2250000,34136500,1,6,682,2428,293,586,97,16,121,376,241,143,556,24,960,0,0,0,1,0,0,1,0,0,4434064,537753,970403,26414,113.66666,20.166666,404.66666,16.666666,44.398682,62.666668,4,48.833332,74.619652,9.0496988,16.330647,0,0,74.619652,0,0,14.626441
1900000,34136500,1,7,983,3426,487,883,174,34,85,342,258,313,713,87,981,0,1,0,0,0,0,1,0,0,4434064,537753,970403,26414,140.42857,12.142858,489.42856,14.285714,40.280209,48.857143,12.428572,69.571426,74.619652,9.0496988,16.330647,0,0,74.619652,0,0,14.457364
1100000,34136500,1,7,836,2555,329,688,99,37,39,228,269,214,425,107,981,0,0,0,0,1,0,0,1,0,4434064,537753,970403,26414,119.42857,5.5714288,365,0,38.277885,32.57143,15.285714,47,74.619652,9.0496988,16.330647,0,16.330647,0,0,9.0496988,13.910821
735000,34136500,1,6,315,863,66,199,30,8,5,79,231,51,117,5,988,0,0,0,0,0,1,0,0,0,4434064,537753,970403,26414,52.5,.83333331,143.83333,0,30.127462,13.166667,.83333331,11,74.619652,9.0496988,16.330647,0,0,74.619652,0,0,13.507626
500000,34136500,1,6,722,2341,257,593,115,14,50,317,252.99998,149,1430,19,994,1,0,0,0,0,0,0,0,0,4434064,537753,970403,26414,120.33334,8.333333,390.16666,0,37.847073,52.833332,3.1666667,42.833332,74.619652,9.0496988,16.330647,0,0,74.619652,0,0,13.122363
325000,34136500,1,9,540,1425,103,332,63,6,13,19,233,140,203,2,988,0,0,0,0,0,1,0,0,0,4434064,537753,970403,26414,60,1.4444444,158.33333,0,31.298246,2.1111112,.22222222,11.444445,74.619652,9.0496988,16.330647,0,0,74.619652,0,0,12.691581
300000,34136500,1,6,373,932,107,240,37,1,31,106,258,64,131,8,980,0,0,0,0,1,0,0,0,0,4434064,537753,970403,26414,62.166668,5.1666665,155.33333,0,39.914162,17.666666,1.3333334,17.833334,74.619652,9.0496988,16.330647,0,0,74.619652,0,0,12.611538
172500,34136500,1,3,197,577,83,137,13,4,2,34,237,72,80,43,1000,0,0,0,0,1,0,0,0,0,4434064,537753,970403,26414,65.666664,.66666669,192.33333,0,28.422876,11.333333,14.333333,27.666666,74.619652,9.0496988,16.330647,0,0,74.619652,0,0,12.058152
155000,34136500,1,2,107,347,31,75,8,4,4,26,216,27,69,8,968,0,0,1,0,0,0,0,0,1,4434064,537753,970403,26414,53.5,2,173.5,0,29.682997,13,4,15.5,74.619652,9.0496988,16.330647,9.0496988,0,0,16.330647,0,11.95118
5359973,26958972,0,12,1800,6942,1043,1922,369,34,273,1014,277,752,797,32,978,0,0,1,0,0,0,10,0,0,1709309,616065,30160,17896,150,22.75,578.5,83.333336,45.779316,84.5,2.6666667,86.916664,72.565666,26.153942,1.2803891,0,0,72.565666,0,0,15.49447
3800000,26958972,0,9,985,3606,502,945,174,13,189,594,262,363,584,28,992,1,0,0,0,0,0,2,0,0,1709309,616065,30160,17896,109.44444,21,400.66666,22.222221,47.476429,66,3.1111112,55.777779,72.565666,26.153942,1.2803891,0,0,72.565666,0,0,15.150512
3025000,26958972,0,6,584,2116,272,547,92,25,63,267,259,160,337,64,988,0,0,0,0,1,0,0,0,1,1709309,616065,30160,17896,97.333336,10.5,352.66666,0,41.493385,44.5,10.666667,45.333332,72.565666,26.153942,1.2803891,26.153942,0,0,1.2803891,0,14.922421
1855000,26958972,0,5,549,1704,239,406,70,21,31,168,238,233,308,106,983,0,0,0,0,1,0,1,0,0,1709309,616065,30160,17896,109.8,6.1999998,340.79999,20,35.856808,33.599998,21.200001,47.799999,72.565666,26.153942,1.2803891,0,0,72.565666,0,0,14.433395
1650000,26958972,0,10,1155,4090,543,1063,200,48,17,295,260,391,352,228,978,0,1,0,0,0,0,2,0,1,1709309,616065,30160,17896,115.5,1.7,409,20,34.474327,29.5,22.799999,54.299999,72.565666,26.153942,1.2803891,26.153942,0,0,1.2803891,0,14.316286
1100000,26958972,0,13,1844,6744,865,1930,334,46,241,1066,286,647,1017,30,978,0,0,0,0,1,0,5,0,1,1709309,616065,30160,17896,141.84616,18.538462,518.76923,38.46154,45.655396,82,2.3076923,66.53846,72.565666,26.153942,1.2803891,26.153942,0,0,1.2803891,0,13.910821
350000,26958972,0,4,232,723,92,181,29,1,32,78,250,90,136,0,996,0,0,0,0,0,1,0,0,0,1709309,616065,30160,17896,58,8,180.75,0,42.600277,19.5,0,23,72.565666,26.153942,1.2803891,0,0,72.565666,0,0,12.765689
312500,26958972,0,3,267,898,105,224,41,2,33,110,249,111,167,3,957,0,0,0,1,0,0,0,1,0,1709309,616065,30160,17896,89,11,299.33334,0,40.979954,36.666668,1,35,72.565666,26.153942,1.2803891,0,1.2803891,0,0,26.153942,12.65236
300000,26958972,0,7,402,1122,163,257,37,8,5,102,229,112,172,56,974,0,1,0,0,0,0,0,0,0,1709309,616065,30160,17896,57.42857,.71428573,160.28572,0,28.966131,14.571428,8,23.285715,72.565666,26.153942,1.2803891,0,0,72.565666,0,0,12.611538
237500,26958972,0,3,241,524,50,133,23,0,5,54,254.00002,43,57,2,993,1,0,0,0,0,0,0,0,0,1709309,616065,30160,17896,80.333336,1.6666666,174.66667,0,32.633587,18,.66666669,16.666666,72.565666,26.153942,1.2803891,0,0,72.565666,0,0,12.377923
197500,26958972,0,2,150,414,58,111,22,2,18,58,268,42,98,1,978,0,0,0,0,1,0,0,1,0,1709309,616065,30160,17896,75,9,207,0,46.135265,29,.5,29,72.565666,26.153942,1.2803891,0,1.2803891,0,0,26.153942,12.193494
120000,26958972,0,2,42,104,17,18,4,0,0,6,173,12,18,0,969,0,0,0,0,1,0,0,1,0,1709309,616065,30160,17896,21,0,52,0,21.153847,3,0,8.5,72.565666,26.153942,1.2803891,0,1.2803891,0,0,26.153942,11.695247
4875000,37226584,0,17,2310,8890,1259,2504,444,94,399,1425,282,588,1313,310,984,0,0,0,0,1,0,8,0,1,3708228,239059,193199,23180,135.88235,23.470589,522.94116,47.058823,48.740158,83.823532,18.235294,74.058823,89.560211,5.773694,4.6660948,5.773694,0,0,4.6660948,0,15.399631
3325000,37226584,0,8,831,2980,418,912,167,26,84,489,306,312,230,60,979,0,0,0,0,1,0,2,0,0,3708228,239059,193199,23180,103.875,10.5,372.5,25,46.409397,61.125,7.5,52.25,89.560211,5.773694,4.6660948,0,0,89.560211,0,0,15.01698
3000000,37226584,0,9,842,3073,444,851,190,23,103,422,277,285,523,93,975,0,0,0,0,1,0,1,0,1,3708228,239059,193199,23180,93.555557,11.444445,341.44446,11.111111,45.427921,46.888889,10.333333,49.333332,89.560211,5.773694,4.6660948,5.773694,0,0,4.6660948,0,14.914123
2200000,37226584,0,13,1624,5550,584,1481,256,26,95,614,267,382,704,78,990,0,0,0,0,0,1,1,1,0,3708228,239059,193199,23180,124.92308,7.3076925,426.92307,7.6923075,37.36937,47.23077,6,44.923077,89.560211,5.773694,4.6660948,0,4.6660948,0,0,5.773694,14.603968
1075000,37226584,0,7,638,1940,209,452,100,9,24,187,233,148,370,18,961,0,0,1,0,0,0,0,1,0,3708228,239059,193199,23180,91.14286,3.4285715,277.14285,0,33.092785,26.714285,2.5714285,29.857143,89.560211,5.773694,4.6660948,0,4.6660948,0,0,5.773694,13.887832
750000,37226584,0,9,1004,3521,474,926,171,25,42,311,263,221,401,196,985,0,0,0,0,1,0,0,0,1,3708228,239059,193199,23180,111.55556,4.6666665,391.22223,0,36.154503,34.555557,21.777779,52.666668,89.560211,5.773694,4.6660948,5.773694,0,0,4.6660948,0,13.527828
700000,37226584,0,8,595,1746,159,410,78,6,31,185,235,90,345,4,992,0,0,0,0,0,1,0,0,0,3708228,239059,193199,23180,74.375,3.875,218.25,0,33.963345,23.125,.5,19.875,89.560211,5.773694,4.6660948,0,0,89.560211,0,0,13.458836
675000,37226584,0,12,1361,4411,557,1155,193,31,25,437,262,442,465,74,978,0,1,0,0,0,0,0,0,0,3708228,239059,193199,23180,113.41666,2.0833333,367.58334,0,33.665836,36.416668,6.1666665,46.416668,89.560211,5.773694,4.6660948,0,0,89.560211,0,0,13.422468
400000,37226584,0,8,825,2361,294,610,84,20,43,264,258,224,369,19,963,0,0,1,0,0,0,0,0,1,3708228,239059,193199,23180,103.125,5.375,295.125,0,36.552307,33,2.375,36.75,89.560211,5.773694,4.6660948,5.773694,0,0,4.6660948,0,12.89922
340000,37226584,0,4,337,1073,132,306,54,1,18,146,285,122,155,2,989,1,0,0,0,0,0,0,1,0,3708228,239059,193199,23180,84.25,4.5,268.25,0,38.769806,36.5,.5,33,89.560211,5.773694,4.6660948,0,4.6660948,0,0,5.773694,12.736701
270000,37226584,0,2,187,574,63,140,28,2,17,89,244,73,110,5,983,1,0,0,0,0,0,0,0,1,3708228,239059,193199,23180,93.5,8.5,287,0,38.850174,44.5,2.5,31.5,89.560211,5.773694,4.6660948,5.773694,0,0,4.6660948,0,12.506177
240000,37226584,0,3,139,373,40,109,25,2,5,40,292,39,36,1,983,1,0,0,0,0,0,0,0,0,3708228,239059,193199,23180,46.333332,1.6666666,124.33334,0,41.018768,13.333333,.33333334,13.333333,89.560211,5.773694,4.6660948,0,0,89.560211,0,0,12.388394
222000,37226584,0,2,142,417,49,112,19,1,4,46,269,26,66,2,971,0,0,0,0,1,0,0,0,0,3708228,239059,193199,23180,71,2,208.5,0,34.772182,23,1,24.5,89.560211,5.773694,4.6660948,0,0,89.560211,0,0,12.310432
200000,37226584,0,3,116,326,23,72,15,0,5,29,221,32,61,0,967,0,1,0,0,0,0,0,0,0,3708228,239059,193199,23180,38.666668,1.6666666,108.66666,0,31.288343,9.666667,0,7.6666665,89.560211,5.773694,4.6660948,0,0,89.560211,0,0,12.206073
135000,37226584,0,1,58,185,21,51,13,0,5,25,276,20,17,1,963,0,0,1,0,0,0,0,0,0,3708228,239059,193199,23180,58,5,185,0,42.702702,25,1,21,89.560211,5.773694,4.6660948,0,0,89.560211,0,0,11.81303
1600000,15589667,0,4,347,1287,164,335,62,7,70,247,260,90,288,13,963,0,0,0,0,1,0,0,0,1,2261217,441940,52997,18774,86.75,17.5,321.75,0,48.251747,61.75,3.25,41,82.042473,16.034662,1.9228606,16.034662,0,0,1.9228606,0,14.285514
1300000,15589667,0,5,280,948,93,248,52,2,12,105,262,49,106,7,988,0,0,0,0,0,1,3,0,1,2261217,441940,52997,18774,56,2.4000001,189.60001,60,35.864979,21,1.4,18.6,82.042473,16.034662,1.9228606,16.034662,0,0,1.9228606,0,14.077875
1200000,15589667,0,3,427,1562,218,457,77,5,38,221,293,99,207,13,965,0,1,0,0,0,0,1,1,0,2261217,441940,52997,18774,142.33333,12.666667,520.66669,33.333332,42.125481,73.666664,4.3333335,72.666664,82.042473,16.034662,1.9228606,0,1.9228606,0,0,16.034662,13.997832
975000,15589667,0,4,277,902,118,221,35,6,39,113,245,64,201,25,971,0,0,0,0,1,0,0,0,1,2261217,441940,52997,18774,69.25,9.75,225.5,0,42.682926,28.25,6.25,29.5,82.042473,16.034662,1.9228606,16.034662,0,0,1.9228606,0,13.790193
950000,15589667,0,6,578,1692,169,431,42,9,1,111,255,123,105,17,972,0,0,1,0,0,0,0,1,0,2261217,441940,52997,18774,96.333336,.16666667,282,0,29.196217,18.5,2.8333333,28.166666,82.042473,16.034662,1.9228606,0,1.9228606,0,0,16.034662,13.764217
750000,15589667,0,9,564,1441,119,329,62,3,17,136,228,80,387,3,988,0,0,0,0,0,1,0,0,0,2261217,441940,52997,18774,62.666668,1.8888888,160.11111,0,31.089521,15.111111,.33333334,13.222222,82.042473,16.034662,1.9228606,0,0,82.042473,0,0,13.527828
500000,15589667,0,5,359,1162,112,308,52,6,19,121,265,48,173,9,975,1,0,0,0,0,0,0,1,0,2261217,441940,52997,18774,71.800003,3.8,232.39999,0,36.919106,24.200001,1.8,22.4,82.042473,16.034662,1.9228606,0,1.9228606,0,0,16.034662,13.122363
425000,15589667,0,2,168,650,105,179,16,8,5,42,275,73,73,68,981,0,0,0,0,1,0,0,0,1,2261217,441940,52997,18774,84,2.5,325,0,34.76923,21,34,52.5,82.042473,16.034662,1.9228606,16.034662,0,0,1.9228606,0,12.959845
400000,15589667,0,7,517,1523,142,387,61,5,7,104,254.00002,48,190,8,970,0,0,1,0,0,0,0,1,0,2261217,441940,52997,18774,73.85714,1,217.57143,0,31.451084,14.857142,1.1428572,20.285715,82.042473,16.034662,1.9228606,0,1.9228606,0,0,16.034662,12.89922
350000,15589667,0,4,221,647,71,165,30,2,27,87,255,72,135,1,993,1,0,0,0,0,0,0,0,0,2261217,441940,52997,18774,55.25,6.75,161.75,0,43.276661,21.75,.25,17.75,82.042473,16.034662,1.9228606,0,0,82.042473,0,0,12.765689
335000,15589667,0,11,625,1569,120,408,56,4,5,157,260,105,185,7,985,0,0,0,0,0,1,0,1,0,2261217,441940,52997,18774,56.81818,.45454547,142.63637,0,31.038877,14.272727,.63636363,10.909091,82.042473,16.034662,1.9228606,0,1.9228606,0,0,16.034662,12.721886
325000,15589667,0,3,248,686,71,182,29,5,6,54,265,41,128,25,990,0,0,0,0,1,0,0,0,1,2261217,441940,52997,18774,82.666664,2,228.66667,0,34.839649,18,8.333333,23.666666,82.042473,16.034662,1.9228606,16.034662,0,0,1.9228606,0,12.691581
300000,15589667,0,6,555,1764,199,495,84,12,26,163,281,116,151,12,976,0,1,0,0,0,0,0,0,0,2261217,441940,52997,18774,92.5,4.3333335,294,0,38.605442,27.166666,2,33.166668,82.042473,16.034662,1.9228606,0,0,82.042473,0,0,12.611538
142500,15589667,0,2,55,197,19,51,9,2,4,19,259,5,41,0,993,1,0,0,0,0,0,0,0,1,2261217,441940,52997,18774,27.5,2,98.5,0,38.578682,9.5,0,9.5,82.042473,16.034662,1.9228606,16.034662,0,0,1.9228606,0,11.867097
4200000,35948168,0,7,696,2297,353,590,91,3,161,473,257,287,628,0,990,1,0,0,0,0,0,2,0,1,3569087,975199,90947,17061,99.428574,23,328.14285,28.571428,50.936005,67.571426,0,50.42857,76.999084,21.038834,1.9620805,21.038834,0,0,1.9620805,0,15.250595
3866667,35948168,0,11,1292,4331,652,1120,190,37,68,450,259,634,762,97,967,0,0,0,0,1,0,0,0,1,3569087,975199,90947,17061,117.45454,6.181818,393.72726,0,36.665897,40.909092,8.818182,59.272728,76.999084,21.038834,1.9620805,21.038834,0,0,1.9620805,0,15.167904
3433333,35948168,0,16,2095,7616,1211,2088,353,62,209,930,274,1047,965,134,984,0,1,0,0,0,0,5,0,1,3569087,975199,90947,17061,130.9375,13.0625,476,31.25,41.911766,58.125,8.375,75.6875,76.999084,21.038834,1.9620805,21.038834,0,0,1.9620805,0,15.049042
3333333,35948168,0,9,932,2873,416,693,121,8,137,406,241,538,811,18,990,0,0,0,0,0,1,1,0,0,3569087,975199,90947,17061,103.55556,15.222222,319.22223,11.111111,43.195267,45.111111,2,46.222221,76.999084,21.038834,1.9620805,0,0,76.999084,0,0,15.019484
2066667,35948168,0,9,1002,3365,503,746,128,12,205,536,222,503,1210,38,978,0,0,0,0,1,0,0,0,0,3569087,975199,90947,17061,111.33334,22.777779,373.88889,0,44.962852,59.555557,4.2222223,55.888889,76.999084,21.038834,1.9620805,0,0,76.999084,0,0,14.541448
1400000,35948168,0,16,1965,7179,1077,2050,356,51,162,876,286,759,755,212,977,0,0,1,0,0,0,6,0,0,3569087,975199,90947,17061,122.8125,10.125,448.6875,37.5,41.704971,54.75,13.25,67.3125,76.999084,21.038834,1.9620805,0,0,76.999084,0,0,14.151983
1150000,35948168,0,10,1106,4145,611,1120,187,38,61,390,270,316,575,214,984,0,0,0,0,1,0,0,0,0,3569087,975199,90947,17061,110.6,6.0999999,414.5,0,37.780457,39,21.4,61.099998,76.999084,21.038834,1.9620805,0,0,76.999084,0,0,13.955273
650000,35948168,0,3,379,1448,184,388,78,8,50,214,268,102,344,23,960,0,0,1,0,0,0,1,0,0,3569087,975199,90947,17061,126.33334,16.666666,482.66666,33.333332,43.646408,71.333336,7.6666665,61.333332,76.999084,21.038834,1.9620805,0,0,76.999084,0,0,13.384727
500000,35948168,0,14,1351,4838,815,1298,216,44,210,701,268,599,1068,256,975,0,0,0,0,1,0,0,0,0,3569087,975199,90947,17061,96.5,15,345.57144,0,46.134766,50.07143,18.285715,58.214287,76.999084,21.038834,1.9620805,0,0,76.999084,0,0,13.122363
425000,35948168,0,6,325,678,96,166,23,4,2,48,245,49,154,53,973,0,0,0,0,1,0,0,0,1,3569087,975199,90947,17061,54.166668,.33333334,113,0,29.941004,8,8.833333,16,76.999084,21.038834,1.9620805,21.038834,0,0,1.9620805,0,12.959845
275000,35948168,0,3,262,817,124,205,29,9,6,69,250.99998,67,164,50,984,0,0,0,0,1,0,0,0,1,3569087,975199,90947,17061,87.333336,2,272.33334,0,33.047737,23,16.666666,41.333332,76.999084,21.038834,1.9620805,21.038834,0,0,1.9620805,0,12.524527
250000,35948168,0,7,245,433,67,108,22,3,11,52,249,30,53,15,969,0,0,0,1,0,0,0,0,1,3569087,975199,90947,17061,35,1.5714285,61.857143,0,39.030022,7.4285712,2.1428571,9.5714283,76.999084,21.038834,1.9620805,21.038834,0,0,1.9620805,0,12.429216
240000,35948168,0,5,195,425,43,87,15,1,8,32,205,62,101,0,988,0,0,0,0,0,1,0,0,0,3569087,975199,90947,17061,39,1.6,85,0,30.117647,6.4000001,0,8.6000004,76.999084,21.038834,1.9620805,0,0,76.999084,0,0,12.388394
230000,35948168,0,2,161,481,62,137,26,0,6,57,285,31,61,3,967,0,0,0,1,0,0,0,0,0,3569087,975199,90947,17061,80.5,3,240.5,0,37.629936,28.5,1.5,31,76.999084,21.038834,1.9620805,0,0,76.999084,0,0,12.345835
2700000,22840832,0,19,2729,10554,1570,3025,558,123,243,1355,287,922,1257,262,971,0,0,0,0,1,0,3,0,0,1335470,214182,60340,17589,143.63158,12.789474,555.47369,15.789474,43.187416,71.315788,13.789474,82.631577,82.94886,13.303296,3.7478447,0,0,82.94886,0,0,14.808763
2500000,22840832,0,6,797,2783,314,745,119,16,32,350,268,205,219,83,988,0,0,0,0,0,1,0,0,0,1335470,214182,60340,17589,132.83333,5.3333335,463.83334,0,35.644989,58.333332,13.833333,52.333332,82.94886,13.303296,3.7478447,0,0,82.94886,0,0,14.731801
1640000,22840832,0,4,444,1538,227,360,71,9,72,260,234,167,362,28,984,0,0,0,0,1,0,0,0,1,1335470,214182,60340,17589,111,18,384.5,0,43.237972,65,7,56.75,82.94886,13.303296,3.7478447,13.303296,0,0,3.7478447,0,14.310206
1333333,22840832,0,11,1425,5071,720,1353,216,39,84,491,267,703,597,208,983,0,1,0,0,0,0,0,0,0,1335470,214182,60340,17589,129.54546,7.6363635,461,0,37.448235,44.636364,18.90909,65.454544,82.94886,13.303296,3.7478447,0,0,82.94886,0,0,14.103192
1100000,22840832,0,12,1656,5860,760,1454,287,29,255,856,248,721,1070,66,984,0,0,0,0,1,0,1,0,0,1335470,214182,60340,17589,138,21.25,488.33334,8.333333,43.754265,71.333336,5.5,63.333332,82.94886,13.303296,3.7478447,0,0,82.94886,0,0,13.910821
1000000,22840832,0,4,383,1134,172,331,43,13,8,148,292,99,101,74,997,0,0,0,0,1,0,0,0,1,1335470,214182,60340,17589,95.75,2,283.5,0,37.389771,37,18.5,43,82.94886,13.303296,3.7478447,13.303296,0,0,3.7478447,0,13.815511
750000,22840832,0,4,371,1138,161,298,398,12,14,125,262,72,168,36,968,0,0,1,0,0,0,0,0,0,1335470,214182,60340,17589,92.75,3.5,284.5,0,66.959579,31.25,9,40.25,82.94886,13.303296,3.7478447,0,0,82.94886,0,0,13.527828
725000,22840832,0,5,363,1018,109,267,63,3,39,144,262,84,225,2,945,0,0,0,0,1,0,0,0,0,1335470,214182,60340,17589,72.599998,7.8000002,203.60001,0,44.499016,28.799999,.40000001,21.799999,82.94886,13.303296,3.7478447,0,0,82.94886,0,0,13.493927
350000,22840832,0,1,149,579,93,168,19,6,1,47,290,55,124,54,966,0,0,1,0,0,0,0,0,0,1335470,214182,60340,17589,149,1,579,0,34.887737,47,54,93,82.94886,13.303296,3.7478447,0,0,82.94886,0,0,12.765689
250000,22840832,0,14,1302,4204,473,1110,183,41,70,402,264,326,619,161,964,0,0,1,0,0,0,1,0,0,1335470,214182,60340,17589,93,5,300.28571,7.1428571,37.702187,28.714285,11.5,33.785713,82.94886,13.303296,3.7478447,0,0,82.94886,0,0,12.429216
120000,22840832,0,1,51,164,15,38,8,0,4,25,232,17,18,2,992,0,0,0,0,0,1,0,0,0,1335470,214182,60340,17589,51,4,164,0,35.365852,25,2,15,82.94886,13.303296,3.7478447,0,0,82.94886,0,0,11.695247
118000,22840832,0,1,47,133,17,30,3,1,2,10,226,12,30,10,1000,1,0,0,0,0,0,0,0,0,1335470,214182,60340,17589,47,2,133,0,30.827068,10,10,17,82.94886,13.303296,3.7478447,0,0,82.94886,0,0,11.67844
110000,22840832,0,1,22,9,5,1,0,0,0,1,111,0,0,3,1000,0,0,0,0,1,0,0,1,0,1335470,214182,60340,17589,22,0,9,0,11.111111,1,3,5,82.94886,13.303296,3.7478447,0,3.7478447,0,0,13.303296,11.608235
5050000,41033000,0,9,946,3340,507,950,193,16,177,620,284,499,881,35,964,0,0,0,0,1,0,1,0,1,12699119,3289465,2777951,19683,105.11111,19.666666,371.11111,11.111111,51.077843,68.888885,3.8888888,56.333332,67.668961,17.528357,14.802685,17.528357,0,0,14.802685,0,15.434898
3833333,41033000,0,8,799,2618,321,679,147,7,96,411,259,306,456,61,989,0,0,0,0,1,0,1,0,0,12699119,3289465,2777951,19683,99.875,12,327.25,12.5,43.086327,51.375,7.625,40.125,67.668961,17.528357,14.802685,0,0,67.668961,0,0,15.159245
3820000,41033000,0,11,1426,5643,808,1754,363,15,192,913,311,427,343,14,995,1,0,0,0,0,0,6,0,0,12699119,3289465,2777951,19683,129.63637,17.454546,513,54.545456,48.254475,83,1.2727273,73.454544,67.668961,17.528357,14.802685,0,0,67.668961,0,0,15.155761
2900000,41033000,0,11,1625,6213,1067,2098,422,47,85,687,338,1004,470,16,963,0,0,0,1,0,0,8,0,0,12699119,3289465,2777951,19683,147.72728,7.7272725,564.81818,72.727272,46.177368,62.454544,1.4545455,97,67.668961,17.528357,14.802685,0,0,67.668961,0,0,14.880221
2500000,41033000,0,8,762,2379,269,610,83,4,117,362,256,174,333,8,990,0,0,0,0,0,1,1,0,0,12699119,3289465,2777951,19683,95.25,14.625,297.375,12.5,44.220261,45.25,1,33.625,67.668961,17.528357,14.802685,0,0,67.668961,0,0,14.731801
2250000,41033000,0,10,1277,4110,499,1000,173,52,40,354,243,473,450,74,978,0,0,1,0,0,0,0,0,0,12699119,3289465,2777951,19683,127.7,4,411,0,33.990269,35.400002,7.4000001,49.900002,67.668961,17.528357,14.802685,0,0,67.668961,0,0,14.626441
1575000,41033000,0,8,782,1916,243,448,70,10,26,174,234,216,293,21,978,0,1,0,0,0,0,0,0,0,12699119,3289465,2777951,19683,97.75,3.25,239.5,0,32.150314,21.75,2.625,30.375,67.668961,17.528357,14.802685,0,0,67.668961,0,0,14.269766
1050000,41033000,0,6,385,1062,128,263,51,6,20,104,248,91,218,11,954,0,0,1,0,0,0,0,0,0,12699119,3289465,2777951,19683,64.166664,3.3333333,177,0,36.346516,17.333334,1.8333334,21.333334,67.668961,17.528357,14.802685,0,0,67.668961,0,0,13.864301
350000,41033000,0,8,711,2144,277,605,115,18,23,204,282,306,307,49,990,0,0,0,0,1,0,0,0,1,12699119,3289465,2777951,19683,88.875,2.875,268,0,38.479477,25.5,6.125,34.625,67.668961,17.528357,14.802685,17.528357,0,0,14.802685,0,12.765689
325000,41033000,0,7,520,1160,138,291,50,4,24,147,250.99998,180,260,6,983,0,0,0,0,0,1,0,0,0,12699119,3289465,2777951,19683,74.285713,3.4285715,165.71428,0,36.293102,21,.85714287,19.714285,67.668961,17.528357,14.802685,0,0,67.668961,0,0,12.691581
255000,41033000,0,3,325,1040,146,245,35,1,55,139,236,151,267,9,983,1,0,0,0,0,0,0,0,0,12699119,3289465,2777951,19683,108.33334,18.333334,346.66666,0,42.98077,46.333332,3,48.666668,67.668961,17.528357,14.802685,0,0,67.668961,0,0,12.449018
160000,41033000,0,2,202,616,73,144,34,6,10,50,234,40,124,20,964,0,1,0,0,0,0,0,0,0,12699119,3289465,2777951,19683,101,5,308,0,35.714287,25,10,36.5,67.668961,17.528357,14.802685,0,0,67.668961,0,0,11.982929
152000,41033000,0,3,187,524,53,129,22,1,12,55,246,54,88,2,959,0,0,0,0,0,1,0,0,0,12699119,3289465,2777951,19683,62.333332,4,174.66667,0,36.068703,18.333334,.66666669,17.666666,67.668961,17.528357,14.802685,0,0,67.668961,0,0,11.931636
150000,41033000,0,2,147,581,82,149,33,6,8,60,256,77,93,17,986,0,0,0,0,1,0,0,0,1,12699119,3289465,2777951,19683,73.5,4,290.5,0,37.521515,30,8.5,41,67.668961,17.528357,14.802685,17.528357,0,0,14.802685,0,11.91839
5500000,42866000,0,10,1344,5201,727,1370,264,34,242,873,263,294,867,181,981,0,0,0,0,1,0,2,0,1,,,,23642,134.39999,24.200001,520.09998,20,46.683331,87.300003,18.1,72.699997,,,,,,,,,15.520259
4833333,42866000,0,5,761,2962,439,862,146,31,39,302,291,292,369,192,978,0,1,0,0,0,0,3,0,1,,,,23642,152.2,7.8000002,592.40002,60,40.074276,60.400002,38.400002,87.800003,,,,,,,,,15.391047
3583333,42866000,0,8,921,3514,545,891,157,41,93,361,254.00002,246,743,200,984,0,0,0,0,1,0,1,0,1,,,,23642,115.125,11.625,439.25,12.5,40.096756,45.125,25,68.125,,,,,,,,,15.091804
3500000,42866000,0,15,1856,7520,1275,2281,405,86,160,790,303,755,882,412,968,1,0,0,0,0,0,5,0,0,,,,23642,123.73333,10.666667,501.33334,33.333332,44.388298,52.666668,27.466667,85,,,,,,,,,15.068274
2100000,42866000,0,7,517,1433,181,361,57,9,51,168,252,76,264,27,988,0,0,0,0,1,0,0,0,0,,,,23642,73.85714,7.2857141,204.71428,0,41.102581,24,3.8571429,25.857143,,,,,,,,,14.557447
1487500,42866000,0,4,394,1278,177,344,73,2,47,182,269,195,221,1,994,1,0,0,0,0,0,0,0,0,,,,23642,98.5,11.75,319.5,0,43.97496,45.5,.25,44.25,,,,,,,,,14.212607
800000,42866000,0,10,1203,3818,452,875,122,29,52,314,229,390,591,109,977,0,0,1,0,0,0,0,0,0,,,,23642,120.3,5.1999998,381.79999,0,31.718178,31.4,10.9,45.200001,,,,,,,,,13.592367
500000,42866000,0,10,761,2394,278,592,119,12,63,309,247,196,365,19,952,0,0,0,1,0,0,0,0,1,,,,23642,76.099998,6.3000002,239.39999,0,38.596493,30.9,1.9,27.799999,,,,,,,,,13.122363
500000,42866000,0,17,1916,6685,744,1668,242,78,24,524,250,335,651,192,961,0,0,1,0,0,0,1,1,0,,,,23642,112.70588,1.4117647,393.23529,5.8823528,31.98205,30.82353,11.294118,43.764706,,,,,,,,,13.122363
290000,42866000,0,3,252,812,89,212,29,4,11,72,261,33,55,12,978,0,1,0,0,0,0,0,1,0,,,,23642,84,3.6666667,270.66666,0,34.729065,24,4,29.666666,,,,,,,,,12.577636
182500,42866000,0,2,83,207,23,55,9,0,5,27,266,22,50,0,956,0,0,0,0,0,1,0,0,0,,,,23642,41.5,2.5,103.5,0,38.164249,13.5,0,11.5,,,,,,,,,12.114506
115000,42866000,0,2,26,34,3,6,1,2,0,3,176,0,10,0,980,0,0,1,0,0,0,0,0,0,,,,23642,13,0,17,0,32.35294,1.5,0,1.5,,,,,,,,,11.652687
112500,42866000,0,2,11,20,1,5,0,0,1,2,250,2,6,0,1000,0,0,0,0,0,1,0,0,0,,,,23642,5.5,.5,10,0,40,1,0,.5,,,,,,,,,11.630709
109000,42866000,0,1,7,8,2,5,0,0,1,3,625,0,1,0,1000,1,0,0,0,0,0,0,1,0,,,,23642,7,1,8,0,100,3,0,2,,,,,,,,,11.599103
4333333,27705332,0,9,921,3094,421,800,145,24,114,434,259,195,493,80,956,0,0,0,1,0,0,2,0,0,9388957,1229809,4779118,14731,102.33334,12.666667,343.77777,22.222221,43.148029,48.222221,8.8888893,46.777779,60.975632,7.9868703,31.037498,0,0,60.975632,0,0,15.281848
3000000,27705332,0,12,1643,6031,745,1523,287,28,231,872,252.99998,412,1060,82,965,0,0,0,1,0,0,2,0,0,9388957,1229809,4779118,14731,136.91667,19.25,502.58334,16.666666,42.430775,72.666664,6.8333335,62.083332,60.975632,7.9868703,31.037498,0,0,60.975632,0,0,14.914123
2475000,27705332,0,6,753,2740,426,818,96,41,13,242,299,200,329,195,982,0,0,0,0,1,0,0,1,0,9388957,1229809,4779118,14731,125.5,2.1666667,456.66666,0,37.773724,40.333332,32.5,71,60.975632,7.9868703,31.037498,0,31.037498,0,0,7.9868703,14.721751
1750000,27705332,0,12,1590,5698,79,1538,275,28,197,818,270,707,1087,117,971,0,0,0,0,1,0,2,0,1,9388957,1229809,4779118,14731,132.5,16.416666,474.83334,16.666666,43.173042,68.166664,9.75,6.5833335,60.975632,7.9868703,31.037498,7.9868703,0,0,31.037498,0,14.375126
600000,27705332,0,8,482,1069,125,249,36,3,13,91,233,97,167,16,975,0,0,0,1,0,0,0,1,0,9388957,1229809,4779118,14731,60.25,1.625,133.625,0,30.869972,11.375,2,15.625,60.975632,7.9868703,31.037498,0,31.037498,0,0,7.9868703,13.304685
600000,27705332,0,8,758,1798,250,442,67,17,10,147,246,191,309,83,988,0,0,0,0,1,0,0,1,0,9388957,1229809,4779118,14731,94.75,1.25,224.75,0,31.868744,18.375,10.375,31.25,60.975632,7.9868703,31.037498,0,31.037498,0,0,7.9868703,13.304685
525000,27705332,0,5,248,690,63,164,38,1,14,72,238,50,101,0,987,0,0,0,0,0,1,0,0,0,9388957,1229809,4779118,14731,49.599998,2.8,138,0,35.652172,14.4,0,12.6,60.975632,7.9868703,31.037498,0,0,60.975632,0,0,13.171153
450000,27705332,0,4,370,1192,176,308,52,7,12,85,258,105,215,46,982,0,0,0,0,1,0,0,0,1,9388957,1229809,4779118,14731,92.5,3,298,0,34.395973,21.25,11.5,44,60.975632,7.9868703,31.037498,7.9868703,0,0,31.037498,0,13.017003
265000,27705332,0,4,195,632,91,148,22,1,3,45,234,26,64,10,964,0,0,1,0,0,0,0,0,0,9388957,1229809,4779118,14731,48.75,.75,158,0,28.63924,11.25,2.5,22.75,60.975632,7.9868703,31.037498,0,0,60.975632,0,0,12.487485
220000,27705332,0,1,139,441,59,114,16,2,10,46,259,51,71,43,978,0,0,0,0,1,0,0,0,0,9388957,1229809,4779118,14731,139,10,441,0,37.18821,46,43,59,60.975632,7.9868703,31.037498,0,0,60.975632,0,0,12.301383
160000,27705332,0,4,119,306,30,62,13,0,3,25,203,24,97,1,987,0,0,0,0,0,1,0,0,0,9388957,1229809,4779118,14731,29.75,.75,76.5,0,27.450981,6.25,.25,7.5,60.975632,7.9868703,31.037498,0,0,60.975632,0,0,11.982929
115000,27705332,0,1,23,79,8,14,1,0,2,6,177,11,23,1,953,0,0,0,0,1,0,0,0,0,9388957,1229809,4779118,14731,23,2,79,0,26.582279,6,1,8,60.975632,7.9868703,31.037498,0,0,60.975632,0,0,11.652687
112500,27705332,0,1,47,151,14,39,5,0,1,12,258,8,26,9,964,0,1,0,0,0,0,0,0,1,9388957,1229809,4779118,14731,47,1,151,0,31.125828,12,9,14,60.975632,7.9868703,31.037498,7.9868703,0,0,31.037498,0,11.630709
110000,27705332,0,1,7,14,1,2,1,0,0,2,143,5,5,0,1000,1,0,0,0,0,0,0,0,0,9388957,1229809,4779118,14731,7,0,14,0,21.428572,2,0,1,60.975632,7.9868703,31.037498,0,0,60.975632,0,0,11.608235
109000,27705332,0,3,63,159,10,27,5,1,2,8,170,20,29,1,963,0,0,0,1,0,0,0,0,0,9388957,1229809,4779118,14731,21,.66666669,53,0,25.157232,2.6666667,.33333334,3.3333333,60.975632,7.9868703,31.037498,0,0,60.975632,0,0,11.599103
3650000,35228168,0,11,1485,5713,778,1613,291,32,252,938,282,318,722,66,964,0,0,0,0,1,0,3,1,0,5772110,1547725,893422,18840,135,22.90909,519.36365,27.272728,47.680729,85.272728,6,70.727272,70.277969,18.844229,10.877804,0,10.877804,0,0,18.844229,15.110238
3500000,35228168,0,14,1704,6465,1138,1923,315,96,108,656,297,939,679,730,987,0,0,0,0,1,0,7,0,1,5772110,1547725,893422,18840,121.71429,7.7142859,461.78571,50,42.598606,46.857143,52.142857,81.285713,70.277969,18.844229,10.877804,18.844229,0,0,10.877804,0,15.068274
2266667,35228168,0,6,583,2059,258,563,61,38,4,176,273,120,177,131,984,0,0,0,0,1,0,0,0,1,5772110,1547725,893422,18840,97.166664,.66666669,343.16666,0,34.579895,29.333334,21.833334,43,70.277969,18.844229,10.877804,18.844229,0,0,10.877804,0,14.633821
2000000,35228168,0,8,1095,3841,432,1021,143,42,10,338,266,124,308,136,975,0,0,1,0,0,0,3,1,0,5772110,1547725,893422,18840,136.875,1.25,480.125,37.5,33.272587,42.25,17,54,70.277969,18.844229,10.877804,0,10.877804,0,0,18.844229,14.508657
1975000,35228168,0,12,1705,6797,891,1915,273,46,53,541,282,548,576,437,978,0,1,0,0,0,0,5,0,0,5772110,1547725,893422,18840,142.08333,4.4166665,566.41669,41.666668,35.883476,45.083332,36.416668,74.25,70.277969,18.844229,10.877804,0,0,70.277969,0,0,14.496078
1750000,35228168,0,8,816,2421,317,597,117,14,110,366,247,309,582,5,988,0,0,0,0,1,0,0,0,0,5772110,1547725,893422,18840,102,13.75,302.625,0,44.279224,45.75,.625,39.625,70.277969,18.844229,10.877804,0,0,70.277969,0,0,14.375126
1700000,35228168,0,4,480,1736,230,470,83,3,44,254,271,236,197,5,956,0,0,0,1,0,0,1,0,0,5772110,1547725,893422,18840,120,11,434,25,39.804146,63.5,1.25,57.5,70.277969,18.844229,10.877804,0,0,70.277969,0,0,14.346139
1016667,35228168,0,7,459,1171,145,265,55,3,36,145,226,94,346,20,990,0,0,0,0,0,1,0,0,0,5772110,1547725,893422,18840,65.571426,5.1428571,167.28572,0,37.06234,20.714285,2.8571429,20.714285,70.277969,18.844229,10.877804,0,0,70.277969,0,0,13.83204
910000,35228168,0,6,534,1908,286,476,70,14,112,327,249,157,663,81,960,0,0,0,0,1,0,1,0,1,5772110,1547725,893422,18840,89,18.666666,318,16.666666,47.69392,54.5,13.5,47.666668,70.277969,18.844229,10.877804,18.844229,0,0,10.877804,0,13.7212
900000,35228168,0,3,378,1323,251,426,88,7,63,255,322,304,254,7,992,1,0,0,0,0,0,0,0,1,5772110,1547725,893422,18840,126,21,441,0,54.195011,85,2.3333333,83.666664,70.277969,18.844229,10.877804,18.844229,0,0,10.877804,0,13.71015
632500,35228168,0,3,254,630,68,160,40,6,10,75,254.00002,76,98,1,975,0,0,1,0,0,0,0,0,0,5772110,1547725,893422,18840,84.666664,3.3333333,210,0,38.412697,25,.33333334,22.666666,70.277969,18.844229,10.877804,0,0,70.277969,0,0,13.357435
500000,35228168,0,6,722,2794,440,785,160,27,93,387,281,251,450,93,986,0,0,0,1,0,0,1,0,1,5772110,1547725,893422,18840,120.33334,15.5,465.66666,16.666666,45.740871,64.5,15.5,73.333336,70.277969,18.844229,10.877804,18.844229,0,0,10.877804,0,13.122363
285000,35228168,0,5,308,710,104,175,20,6,0,43,246,77,69,45,962,0,1,0,0,0,0,0,0,1,5772110,1547725,893422,18840,61.599998,0,142,0,29.15493,8.6000004,9,20.799999,70.277969,18.844229,10.877804,18.844229,0,0,10.877804,0,12.560245
4400000,39776560,0,7,995,3780,521,1079,206,13,123,584,285,378,381,39,994,1,0,0,0,0,0,0,0,0,1320564,200508,45227,18407,142.14285,17.571428,540,0,44.444443,83.428574,5.5714288,74.428574,84.311104,12.801387,2.8875074,0,0,84.311104,0,0,15.297115
3666667,39776560,0,10,1341,4892,660,1307,251,29,196,744,267,465,617,89,986,0,0,0,0,1,0,0,0,0,1320564,200508,45227,18407,134.10001,19.6,489.20001,0,45.053146,74.400002,8.8999996,66,84.311104,12.801387,2.8875074,0,0,84.311104,0,0,15.114794
3666667,39776560,0,10,1140,3386,452,844,183,35,69,335,249,188,676,79,971,0,0,1,0,0,0,0,0,0,1320564,200508,45227,18407,114,6.9000001,338.60001,0,38.511517,33.5,7.9000001,45.200001,84.311104,12.801387,2.8875074,0,0,84.311104,0,0,15.114794
3100000,39776560,0,20,2562,9789,1514,3005,634,134,298,1520,307,1057,840,194,970,1,0,0,0,0,0,13,0,0,1320564,200508,45227,18407,128.10001,14.9,489.45001,65,49.044846,76,9.6999998,75.699997,84.311104,12.801387,2.8875074,0,0,84.311104,0,0,14.946913
2400000,39776560,0,6,779,2816,292,717,111,23,8,249,255,180,288,50,987,0,1,0,0,0,0,0,1,0,1320564,200508,45227,18407,129.83333,1.3333334,469.33334,0,31.889204,41.5,8.333333,48.666668,84.311104,12.801387,2.8875074,0,2.8875074,0,0,12.801387,14.690979
1525000,39776560,0,5,439,1566,190,449,81,10,33,210,287,118,308,61,983,0,0,0,0,1,0,1,1,0,1320564,200508,45227,18407,87.800003,6.5999999,313.20001,20,41.443169,42,12.2,38,84.311104,12.801387,2.8875074,0,2.8875074,0,0,12.801387,14.237505
1175000,39776560,0,6,484,1456,160,365,92,9,42,195,250.99998,102,276,3,993,0,0,0,0,0,1,0,0,0,1320564,200508,45227,18407,80.666664,7,242.66667,0,41.277473,32.5,.5,26.666666,84.311104,12.801387,2.8875074,0,0,84.311104,0,0,13.976779
1090000,39776560,0,2,55,58,4,11,4,0,0,6,190,5,16,0,875,0,0,0,0,1,0,0,0,0,1320564,200508,45227,18407,27.5,0,29,0,25.862068,3,0,2,84.311104,12.801387,2.8875074,0,0,84.311104,0,0,13.901689
460000,39776560,0,6,290,475,58,124,15,5,11,60,261,24,79,2,1000,0,0,0,0,1,0,0,0,1,1320564,200508,45227,18407,48.333332,1.8333334,79.166664,0,38.315788,10,.33333334,9.666667,84.311104,12.801387,2.8875074,12.801387,0,0,2.8875074,0,13.038981
400000,39776560,0,10,960,2424,271,596,78,23,8,179,246,137,397,79,962,0,0,1,0,0,0,0,0,1,1320564,200508,45227,18407,96,.80000001,242.39999,0,30.693069,17.9,7.9000001,27.1,84.311104,12.801387,2.8875074,12.801387,0,0,2.8875074,0,12.89922
378500,39776560,0,3,347,1330,170,331,59,17,17,139,249,75,216,42,994,0,0,0,0,1,0,0,0,1,1320564,200508,45227,18407,115.66666,5.6666665,443.33334,0,35.714287,46.333332,14,56.666668,84.311104,12.801387,2.8875074,12.801387,0,0,2.8875074,0,12.843971
250000,39776560,0,13,1536,5745,637,1546,276,31,147,786,269,374,968,63,952,1,0,0,0,0,0,2,0,1,1320564,200508,45227,18407,118.15385,11.307693,441.92307,15.384615,40.469975,60.46154,4.8461537,49,84.311104,12.801387,2.8875074,12.801387,0,0,2.8875074,0,12.429216
225000,39776560,0,3,172,457,40,109,18,0,3,50,239,37,71,2,988,0,0,0,0,0,1,0,0,0,1320564,200508,45227,18407,57.333332,1,152.33333,0,29.7593,16.666666,.66666669,13.333333,84.311104,12.801387,2.8875074,0,0,84.311104,0,0,12.323855
115000,39776560,0,2,22,38,6,10,2,0,3,4,263,4,12,0,926,0,0,0,0,1,0,0,0,1,1320564,200508,45227,18407,11,1.5,19,0,55.263157,2,0,3,84.311104,12.801387,2.8875074,12.801387,0,0,2.8875074,0,11.652687
5200000,27396932,0,9,1382,5645,820,1812,304,51,142,785,321,319,736,117,989,0,0,0,0,1,0,7,0,1,2270360,89710,37448,19592,153.55556,15.777778,627.22223,77.777779,46.83791,87.222221,13,91.111115,94.696266,3.7417862,1.5619487,3.7417862,0,0,1.5619487,0,15.46417
3100000,27396932,0,12,1543,5526,809,1580,290,17,258,950,286,730,713,33,994,1,0,0,0,0,0,1,0,0,2270360,89710,37448,19592,128.58333,21.5,460.5,8.333333,48.461819,79.166664,2.75,67.416664,94.696266,3.7417862,1.5619487,0,0,94.696266,0,0,14.946913
3050000,27396932,0,5,585,1712,271,514,82,21,46,230,300,159,322,61,984,0,0,0,0,1,0,0,0,1,2270360,89710,37448,19592,117,9.1999998,342.39999,0,45.327103,46,12.2,54.200001,94.696266,3.7417862,1.5619487,3.7417862,0,0,1.5619487,0,14.930653
2700000,27396932,0,19,2707,10047,1551,2866,493,83,432,1710,285,1126,1503,218,982,0,0,0,0,1,0,12,0,1,2270360,89710,37448,19592,142.47368,22.736841,528.78949,63.157894,47.984474,90,11.473684,81.631577,94.696266,3.7417862,1.5619487,3.7417862,0,0,1.5619487,0,14.808763
2400000,27396932,0,13,788,2363,264,697,145,6,47,323,295,95,140,7,985,0,0,0,0,0,1,0,0,0,2270360,89710,37448,19592,60.615383,3.6153846,181.76923,0,42.107491,24.846153,.53846157,20.307692,94.696266,3.7417862,1.5619487,0,0,94.696266,0,0,14.690979
600000,27396932,0,6,702,2177,258,580,124,11,31,247,266,247,262,23,992,1,0,0,0,0,0,0,0,0,2270360,89710,37448,19592,117,5.1666665,362.83334,0,37.620579,41.166668,3.8333333,43,94.696266,3.7417862,1.5619487,0,0,94.696266,0,0,13.304685
500000,27396932,0,2,306,1165,182,337,43,12,3,106,289,147,100,59,983,0,1,0,0,0,0,1,0,0,2270360,89710,37448,19592,153,1.5,582.5,50,35.450645,53,29.5,91,94.696266,3.7417862,1.5619487,0,0,94.696266,0,0,13.122363
400000,27396932,0,9,1044,3290,380,774,165,14,121,434,235,302,687,12,953,0,0,0,1,0,0,0,0,0,2270360,89710,37448,19592,116,13.444445,365.55554,0,40.425533,48.222221,1.3333334,42.222221,94.696266,3.7417862,1.5619487,0,0,94.696266,0,0,12.89922
275000,27396932,0,3,252,633,89,165,26,4,8,59,261,66,98,11,962,0,0,1,0,0,0,0,0,0,2270360,89710,37448,19592,84,2.6666667,211,0,35.229069,19.666666,3.6666667,29.666666,94.696266,3.7417862,1.5619487,0,0,94.696266,0,0,12.524527
253600,27396932,0,3,200,641,72,175,27,5,19,102,273,28,137,10,986,0,0,0,0,1,0,0,1,0,2270360,89710,37448,19592,66.666664,6.3333335,213.66667,0,41.965679,34,3.3333333,24,94.696266,3.7417862,1.5619487,0,1.5619487,0,0,3.7417862,12.443514
250000,27396932,0,11,1184,3000,387,756,152,26,92,406,252,341,492,33,985,0,0,0,0,1,0,0,0,0,2270360,89710,37448,19592,107.63636,8.363636,272.72726,0,41.200001,36.909092,3,35.18182,94.696266,3.7417862,1.5619487,0,0,94.696266,0,0,12.429216
172000,27396932,0,4,87,178,21,51,14,1,4,22,287,19,24,0,994,0,0,0,0,0,1,0,0,1,2270360,89710,37448,19592,21.75,1,44.5,0,44.382023,5.5,0,5.25,94.696266,3.7417862,1.5619487,3.7417862,0,0,1.5619487,0,12.05525
4200000,35714832,0,7,1060,4144,588,1160,230,44,156,673,280,298,597,88,973,0,0,0,0,1,0,1,1,0,4434064,537753,970403,24870,151.42857,22.285715,592,14.285714,46.959461,96.14286,12.571428,84,74.619652,9.0496988,16.330647,0,16.330647,0,0,9.0496988,15.250595
4000000,35714832,0,7,916,3123,504,772,128,5,220,608,247,527,697,6,940,1,0,0,0,0,0,6,0,0,4434064,537753,970403,24870,130.85715,31.428572,446.14285,85.714287,50.272175,86.85714,.85714287,72,74.619652,9.0496988,16.330647,0,0,74.619652,0,0,15.201805
3250000,35714832,0,14,1859,6879,1472,2000,329,54,199,725,291,1286,925,1042,980,0,0,0,0,1,0,10,0,1,4434064,537753,970403,24870,132.78572,14.214286,491.35715,71.428574,44.105247,51.785713,74.428574,105.14286,74.619652,9.0496988,16.330647,9.0496988,0,0,16.330647,0,14.994165
2800000,35714832,0,7,733,2484,278,675,114,9,61,330,272,182,373,9,984,0,0,0,0,0,1,2,0,0,4434064,537753,970403,24870,104.71429,8.7142859,354.85715,28.571428,39.855072,47.142857,1.2857143,39.714287,74.619652,9.0496988,16.330647,0,0,74.619652,0,0,14.84513
2600000,35714832,0,12,1375,4550,646,1191,253,16,172,624,262,417,964,48,984,0,0,0,0,1,0,1,0,1,4434064,537753,970403,24870,114.58334,14.333333,379.16666,8.333333,43.78022,52,4,53.833332,74.619652,9.0496988,16.330647,9.0496988,0,0,16.330647,0,14.771022
627500,35714832,0,5,367,798,133,185,40,2,7,69,232,133,154,41,985,0,1,0,0,0,0,0,0,0,4434064,537753,970403,24870,73.400002,1.4,159.60001,0,31.328321,13.8,8.1999998,26.6,74.619652,9.0496988,16.330647,0,0,74.619652,0,0,13.349499
625000,35714832,0,7,728,2417,341,657,101,21,17,222,272,294,266,65,975,0,0,0,1,0,0,0,0,1,4434064,537753,970403,24870,104,2.4285715,345.28571,0,35.208939,31.714285,9.2857141,48.714287,74.619652,9.0496988,16.330647,9.0496988,0,0,16.330647,0,13.345507
600000,35714832,0,7,889,3289,482,955,163,25,38,336,290,426,370,63,957,0,0,0,1,0,0,1,0,0,4434064,537753,970403,24870,127,5.4285712,469.85715,14.285714,38.978413,48,9,68.85714,74.619652,9.0496988,16.330647,0,0,74.619652,0,0,13.304685
400000,35714832,0,3,269,753,83,208,24,5,3,69,276,55,100,15,977,0,0,1,0,0,0,0,0,0,4434064,537753,970403,24870,89.666664,1,251,0,33.333332,23,5,27.666666,74.619652,9.0496988,16.330647,0,0,74.619652,0,0,12.89922
120000,35714832,0,1,24,53,8,14,3,0,3,9,264,5,15,0,850,0,0,0,0,1,0,0,0,0,4434064,537753,970403,24870,24,3,53,0,49.056602,9,0,8,74.619652,9.0496988,16.330647,0,0,74.619652,0,0,11.695247
4000000,31580834,0,4,578,2165,311,652,132,12,87,344,301,222,313,60,984,0,0,0,0,1,0,3,0,1,221710,133266,75555,17922,144.5,21.75,541.25,75,49.376442,86,15,77.75,51.496872,30.953869,17.549259,30.953869,0,0,17.549259,0,15.201805
3016667,31580834,0,6,521,1805,295,561,122,8,45,204,311,235,233,17,947,0,0,0,1,0,0,1,1,0,221710,133266,75555,17922,86.833336,7.5,300.83334,16.666666,46.204987,34,2.8333333,49.166668,51.496872,30.953869,17.549259,0,17.549259,0,0,30.953869,14.919663
2772500,31580834,0,6,490,1599,212,393,72,9,81,261,246,189,467,4,984,0,0,0,0,1,0,0,0,0,221710,133266,75555,17922,81.666664,13.5,266.5,0,45.403378,43.5,.66666669,35.333332,51.496872,30.953869,17.549259,0,0,51.496872,0,0,14.83526
2187500,31580834,0,11,1495,5227,624,1367,247,21,162,709,262,615,542,24,994,1,0,0,0,0,0,0,0,0,221710,133266,75555,17922,135.90909,14.727273,475.18182,0,40.97953,64.454544,2.1818182,56.727272,51.496872,30.953869,17.549259,0,0,51.496872,0,0,14.598269
1866667,31580834,0,9,711,2079,231,479,85,10,59,255,230,177,300,3,991,0,0,0,0,0,1,0,0,0,221710,133266,75555,17922,79,6.5555553,231,0,36.604137,28.333334,.33333334,25.666666,51.496872,30.953869,17.549259,0,0,51.496872,0,0,14.439665
1112500,31580834,0,4,502,1551,155,388,46,13,4,100,250,123,137,27,980,0,0,1,0,0,0,0,1,0,221710,133266,75555,17922,125.5,1,387.75,0,30.43198,25,6.75,38.75,51.496872,30.953869,17.549259,0,17.549259,0,0,30.953869,13.92212
900000,31580834,0,9,776,1938,271,509,79,9,39,189,263,102,312,114,990,0,0,0,0,1,0,0,1,0,221710,133266,75555,17922,86.222221,4.3333335,215.33333,0,37.306503,21,12.666667,30.111111,51.496872,30.953869,17.549259,0,17.549259,0,0,30.953869,13.71015
850000,31580834,0,8,732,1803,277,464,50,25,13,140,257,142,168,143,983,0,0,0,0,1,0,0,0,1,221710,133266,75555,17922,91.5,1.625,225.375,0,33.44426,17.5,17.875,34.625,51.496872,30.953869,17.549259,30.953869,0,0,17.549259,0,13.652991
475000,31580834,0,6,434,971,84,272,58,5,15,135,280,40,74,0,983,0,0,0,0,0,1,0,0,0,221710,133266,75555,17922,72.333336,2.5,161.83333,0,39.649845,22.5,0,14,51.496872,30.953869,17.549259,0,0,51.496872,0,0,13.07107
287500,31580834,0,3,196,640,68,156,25,2,20,80,244,62,110,2,995,1,0,0,0,0,0,0,1,0,221710,133266,75555,17922,65.333336,6.6666665,213.33333,0,38.28125,26.666666,.66666669,22.666666,51.496872,30.953869,17.549259,0,17.549259,0,0,30.953869,12.568978
200000,31580834,0,4,291,614,51,141,26,5,10,71,230,40,132,1,983,0,1,0,0,0,0,0,0,0,221710,133266,75555,17922,72.75,2.5,153.5,0,33.713356,17.75,.25,12.75,51.496872,30.953869,17.549259,0,0,51.496872,0,0,12.206073
150000,31580834,0,13,1092,3216,480,889,138,19,10,240,276,370,472,117,976,0,1,0,0,0,0,0,0,0,221710,133266,75555,17922,84,.76923078,247.38461,0,34.048508,18.461538,9,36.923077,51.496872,30.953869,17.549259,0,0,51.496872,0,0,11.91839
4800000,35586456,0,8,972,3655,614,974,171,8,235,734,266,433,998,128,974,0,0,0,0,1,0,5,1,0,2924673,554616,518917,15020,121.5,29.375,456.875,62.5,51.053352,91.75,16,76.75,73.149635,13.871621,12.978746,0,12.978746,0,0,13.871621,15.384127
4550000,35586456,0,7,886,3270,463,968,194,23,95,421,296,305,328,28,992,1,0,0,0,0,0,2,1,0,2924673,554616,518917,15020,126.57143,13.571428,467.14285,28.571428,45.657494,60.142857,4,66.14286,73.149635,13.871621,12.978746,0,12.978746,0,0,13.871621,15.330638
2937500,35586456,0,11,1402,5416,807,1630,249,40,86,679,301,499,637,220,969,0,1,0,0,0,0,3,1,0,2924673,554616,518917,15020,127.45454,7.818182,492.36365,27.272728,40.934269,61.727272,20,73.36364,73.149635,13.871621,12.978746,0,12.978746,0,0,13.871621,14.893069
1900000,35586456,0,8,753,2152,231,547,67,17,16,199,254.00002,160,426,26,979,0,0,1,0,0,0,0,1,0,2924673,554616,518917,15020,94.125,2,269,0,32.342007,24.875,3.25,28.875,73.149635,13.871621,12.978746,0,12.978746,0,0,13.871621,14.457364
650000,35586456,0,11,750,1741,168,469,78,9,23,179,269,194,246,6,984,0,0,0,0,0,1,0,0,0,2924673,554616,518917,15020,68.181816,2.090909,158.27272,0,36.415852,16.272728,.54545456,15.272727,73.149635,13.871621,12.978746,0,0,73.149635,0,0,13.384727
525000,35586456,0,4,346,1279,172,331,68,4,75,230,259,85,296,4,978,0,0,0,0,1,0,0,1,0,2924673,554616,518917,15020,86.5,18.75,319.75,0,49.413605,57.5,1,43,73.149635,13.871621,12.978746,0,12.978746,0,0,13.871621,13.171153
500000,35586456,0,11,1064,3258,561,813,170,47,84,319,250,454,647,318,983,1,0,0,0,0,0,0,0,0,2924673,554616,518917,15020,96.727272,7.6363635,296.18182,0,40.791897,29,28.90909,51,73.149635,13.871621,12.978746,0,0,73.149635,0,0,13.122363
450000,35586456,0,5,443,1070,133,257,37,9,3,80,240,94,93,47,990,0,0,0,0,1,0,0,0,0,2924673,554616,518917,15020,88.599998,.60000002,214,0,30,16,9.3999996,26.6,73.149635,13.871621,12.978746,0,0,73.149635,0,0,13.017003
312000,35586456,0,5,439,1098,150,260,41,8,6,83,237,136,138,43,964,0,0,1,0,0,0,0,0,0,2924673,554616,518917,15020,87.800003,1.2,219.60001,0,30.510017,16.6,8.6000004,30,73.149635,13.871621,12.978746,0,0,73.149635,0,0,12.650759
275000,35586456,0,2,211,700,63,183,32,1,11,64,261,29,115,0,983,0,0,0,0,0,1,0,1,0,2924673,554616,518917,15020,105.5,5.5,350,0,35.714287,32,0,31.5,73.149635,13.871621,12.978746,0,12.978746,0,0,13.871621,12.524527
250000,35586456,0,3,249,828,112,176,36,2,41,110,213,94,264,10,941,0,0,0,1,0,0,0,0,0,2924673,554616,518917,15020,83,13.666667,276,0,40.942028,36.666668,3.3333333,37.333332,73.149635,13.871621,12.978746,0,0,73.149635,0,0,12.429216
200000,35586456,0,6,667,2087,217,510,92,5,13,168,244,137,239,20,987,0,1,0,0,0,0,0,0,0,2924673,554616,518917,15020,111.16666,2.1666667,347.83334,0,31.1931,28,3.3333333,36.166668,73.149635,13.871621,12.978746,0,0,73.149635,0,0,12.206073
109000,35586456,0,1,12,24,1,4,0,0,0,2,167,0,3,0,857,0,0,0,0,1,0,0,0,0,2924673,554616,518917,15020,12,0,24,0,16.666666,2,0,1,73.149635,13.871621,12.978746,0,0,73.149635,0,0,11.599103
